Workbook
Name FechaFinal: Parámetros!$G$4
Name FechaInicial: Parámetros!$G$3

Sheet Parámetros
C2: DD/MM/ANO
B3: Fecha Inicio | C3: 46023 | G3: =TEXT(_xlfn.CONCAT(YEAR(C3),"-",MONTH(C3),"-",DAY(C3)),"aaaa-mm-dd") -> 2026-01-01
B4: Fecha Final | C4: =TODAY()-1 -> 46065 | G4: =TEXT(_xlfn.CONCAT(YEAR(C4),"-",MONTH(C4),"-",DAY(C4)),"aaaa-mm-dd") -> 2026-02-12
B6: KPI | C6: Ventas
B8: Mal
B9: Bien | C9: -0.05
B10: Muy Bien | C10: -0.01

Sheet Evaluación
A1: =+Parámetros!C4 -> 46065
C2: Total | I2: Salón | O2: Llevar | U2: AutoPollo | AA2: Express | AG2: UberEats | AM2: ECommerce | AS2: Participación (Formato por canal) | BA2: Participaciones
A3: Restaurantes | B3: CREF | C3: 2025 | D3: 2026 | E3: % | F3: PRE | G3: %P | I3: =C3 -> 2025 | J3: =D3 -> 2026 | K3: % | L3: PRE | M3: %P | O3: =I3 -> 2025 | P3: =J3 -> 2026 | Q3: % | R3: PRE | S3: %P | U3: =O3 -> 2025 | V3: =P3 -> 2026 | W3: % | X3: PRE | Y3: %P | AA3: =U3 -> 2025 | AB3: =V3 -> 2026 | AC3: % | AD3: PRE | AE3: %P | AG3: =AA3 -> 2025 | AH3: =AB3 -> 2026 | AI3: % | AJ3: PRE | AK3: %P | AM3: =AG3 -> 2025 | AN3: =AH3 -> 2026 | AO3: % | AP3: PRE | AQ3: %P | AS3: Salón | AT3: Lllevar | AU3: AutoPollo | AV3: Express | AW3: UberEats | AX3: ECommerce | AY3: %
A4: Alajuela | B4: =IF(IFERROR(VLOOKUP(A4,DATA_KPI!$D:$H,5,FALSE),"")="",VLOOKUP(A4,DATA_KPI_PRE!$D:$H,5,FALSE),VLOOKUP(A4,DATA_KPI!$D:$H,5,FALSE)) -> S08 | C4: =IFERROR(VLOOKUP(_xlfn.CONCAT($C$3,"_",B4,"_",$C$2,"_",Parámetros!$C$6),DATA_KPI!$A:$H,6,FALSE),0) -> 25392157 | D4: =IFERROR(VLOOKUP(_xlfn.CONCAT($D$3,"_",B4,"_",$C$2,"_",Parámetros!$C$6),DATA_KPI!A:H,6,FALSE),0) -> 24211254 | E4: =IFERROR(+(D4/C4)-1,0) -> -0.046506602 | F4: =IFERROR(VLOOKUP(_xlfn.CONCAT($D$3,"_",B4,"_",$C$2,"_",Parámetros!$C$6),DATA_KPI_PRE!$A:$F,6,FALSE),0) -> 24973716 | G4: =IFERROR(+(D4/F4)-1,0) -> -0.030530566 | I4: =IFERROR(VLOOKUP(_xlfn.CONCAT($I$3,"_",B4,"_",$I$2,"_",Parámetros!$C$6),DATA_KPI!$A:$H,6,FALSE),0) -> 21575021 | J4: =IFERROR(VLOOKUP(_xlfn.CONCAT($J$3,"_",B4,"_",$I$2,"_",Parámetros!$C$6),DATA_KPI!$A:$H,6,FALSE),0) -> 21431430 | K4: =IFERROR(+(J4/I4)-1,0) -> -0.006655433 | L4: =IFERROR(VLOOKUP(_xlfn.CONCAT($J$3,"_",B4,"_",$I$2,"_",Parámetros!$C$6),DATA_KPI_PRE!A:F,6,FALSE),0) -> 19937031 | M4: =IFERROR(+(J4/L4)-1,0) -> 0.074955959 | O4: =IFERROR(VLOOKUP(_xlfn.CONCAT($O$3,"_",B4,"_",$O$2,"_",Parámetros!$C$6),DATA_KPI!$A:$H,6,FALSE),0) -> 1294851.6 | P4: =IFERROR(VLOOKUP(_xlfn.CONCAT($P$3,"_",B4,"_",$O$2,"_",Parámetros!$C$6),DATA_KPI!$A:$H,6,FALSE),0) -> 576962.28 | Q4: =IFERROR(+(P4/O4)-1,0) -> -0.55441823 | R4: =IFERROR(VLOOKUP(_xlfn.CONCAT($P$3,"_",B4,"_",$O$2,"_",Parámetros!$C$6),DATA_KPI_PRE!A:F,6,FALSE),0) -> 1663129.7 | S4: =IFERROR(+(P4/R4)-1,0) -> -0.65308643 | U4: =IFERROR(VLOOKUP(_xlfn.CONCAT($U$3,"_",B4,"_",$U$2,"_",Parámetros!$C$6),DATA_KPI!$A:$H,6,FALSE),0) -> 557132.88 | V4: =IFERROR(VLOOKUP(_xlfn.CONCAT($V$3,"_",B4,"_",$U$2,"_",Parámetros!$C$6),DATA_KPI!$A:$H,6,FALSE),0) -> 289283.39 | W4: =IFERROR(+(V4/U4)-1,0) -> -0.4807641 | X4: =IFERROR(VLOOKUP(_xlfn.CONCAT($V$3,"_",B4,"_",$U$2,"_",Parámetros!$C$6),DATA_KPI_PRE!A:F,6,FALSE),0) -> 574400.9 | Y4: =IFERROR(+(V4/X4)-1,0) -> -0.49637372 | AA4: =IFERROR(VLOOKUP(_xlfn.CONCAT($AA$3,"_",B4,"_",$AA$2,"_",Parámetros!$C$6),DATA_KPI!$A:$H,6,FALSE),0) -> 154931.93 | AB4: =IFERROR(VLOOKUP(_xlfn.CONCAT($AB$3,"_",B4,"_",$AA$2,"_",Parámetros!$C$6),DATA_KPI!$A:$H,6,FALSE),0) -> 334495.71 | AC4: =IFERROR(+(AB4/AA4)-1,0) -> 1.158985 | AD4: =IFERROR(VLOOKUP(_xlfn.CONCAT($AB$3,"_",B4,"_",$AA$2,"_",Parámetros!$C$6),DATA_KPI_PRE!A:F,6,FALSE),0) -> 886938.18 | AE4: =IFERROR(+(AB4/AD4)-1,0) -> -0.62286468 | AG4: =IFERROR(VLOOKUP(_xlfn.CONCAT($AG$3,"_",B4,"_",$AG$2,"_",Parámetros!$C$6),DATA_KPI!$A:$H,6,FALSE),0) -> 1624335.9 | AH4: =IFERROR(VLOOKUP(_xlfn.CONCAT($AH$3,"_",B4,"_",$AG$2,"_",Parámetros!$C$6),DATA_KPI!$A:$H,6,FALSE),0) -> 1493348.1 | AI4: =IFERROR(+(AH4/AG4)-1,0) -> -0.080640856 | AJ4: =IFERROR(VLOOKUP(_xlfn.CONCAT($AH$3,"_",B4,"_",$AG$2,"_",Parámetros!$C$6),DATA_KPI_PRE!A:F,6,FALSE),0) -> 1664044.4 | AK4: =IFERROR(+(AH4/AJ4)-1,0) -> -0.10257917 | AM4: =IFERROR(VLOOKUP(_xlfn.CONCAT($AM$3,"_",B4,"_",$AM$2,"_",Parámetros!$C$6),DATA_KPI!$A:$H,6,FALSE),0) -> 185883.47 | AN4: =IFERROR(VLOOKUP(_xlfn.CONCAT($AN$3,"_",B4,"_",$AM$2,"_",Parámetros!$C$6),DATA_KPI!$A:$H,6,FALSE),0) -> 85734.53 | AO4: =IFERROR(+AN4/AM4,0) -> 0.46122729 | AP4: =IFERROR(VLOOKUP(_xlfn.CONCAT($AN$3,"_",B4,"_",$AM$2,"_",Parámetros!$C$6),DATA_KPI_PRE!A:F,6,FALSE),0) -> 248171.78 | AQ4: =IFERROR(+(AN4/AP4)-1,0) -> -0.65453553 | AS4: =J4/D4 -> 0.88518464 | AT4: =P4/D4 -> 0.023830334 | AU4: =V4/D4 -> 0.011948302 | AV4: =AB4/D4 -> 0.013815712 | AW4: =AH4/D4 -> 0.061679914 | AX4: =AN4/D4 -> 0.0035411024 | AY4: =SUM(AS4:AX4) -> 1 | BA4: Part. V Restaurantes UBER | BB4: =(AJ30+AJ39)/AJ57 -> 0.84105396
A5: Ave. Escazú | B5: S22 | C5: =IFERROR(VLOOKUP(_xlfn.CONCAT($C$3,"_",B5,"_",$C$2,"_",Parámetros!$C$6),DATA_KPI!$A:$H,6,FALSE),0) -> 11619684 | D5: =IFERROR(VLOOKUP(_xlfn.CONCAT($D$3,"_",B5,"_",$C$2,"_",Parámetros!$C$6),DATA_KPI!A:H,6,FALSE),0) -> 10407271 | E5: =IFERROR(+D5/C5,0) -> 0.89565869 | F5: =IFERROR(VLOOKUP(_xlfn.CONCAT($D$3,"_",B5,"_",$C$2,"_",Parámetros!$C$6),DATA_KPI_PRE!$A:$F,6,FALSE),0) -> 13351500 | G5: =IFERROR(+(D5/F5)-1,0) -> -0.22051673 | I5: =IFERROR(VLOOKUP(_xlfn.CONCAT($I$3,"_",B5,"_",$I$2,"_",Parámetros!$C$6),DATA_KPI!$A:$H,6,FALSE),0) -> 10210466 | J5: =IFERROR(VLOOKUP(_xlfn.CONCAT($J$3,"_",B5,"_",$I$2,"_",Parámetros!$C$6),DATA_KPI!$A:$H,6,FALSE),0) -> 9166486 | K5: =IFERROR(+J5/I5,0) -> 0.89775392 | L5: =IFERROR(VLOOKUP(_xlfn.CONCAT($J$3,"_",B5,"_",$I$2,"_",Parámetros!$C$6),DATA_KPI_PRE!A:F,6,FALSE),0) -> 11416506 | M5: =IFERROR(+(J5/L5)-1,0) -> -0.1970848 | O5: =IFERROR(VLOOKUP(_xlfn.CONCAT($O$3,"_",B5,"_",$O$2,"_",Parámetros!$C$6),DATA_KPI!$A:$H,6,FALSE),0) -> 1405686.7 | P5: =IFERROR(VLOOKUP(_xlfn.CONCAT($P$3,"_",B5,"_",$O$2,"_",Parámetros!$C$6),DATA_KPI!$A:$H,6,FALSE),0) -> 1222280.4 | Q5: =IFERROR(+P5/O5,0) -> 0.8695255 | R5: =IFERROR(VLOOKUP(_xlfn.CONCAT($P$3,"_",B5,"_",$O$2,"_",Parámetros!$C$6),DATA_KPI_PRE!A:F,6,FALSE),0) -> 1934994.3 | S5: =IFERROR(+(P5/R5)-1,0) -> -0.36832865 | U5: =IFERROR(VLOOKUP(_xlfn.CONCAT($U$3,"_",B5,"_",$U$2,"_",Parámetros!$C$6),DATA_KPI!$A:$H,6,FALSE),0) -> 0 | V5: =IFERROR(VLOOKUP(_xlfn.CONCAT($V$3,"_",B5,"_",$U$2,"_",Parámetros!$C$6),DATA_KPI!$A:$H,6,FALSE),0) -> 0 | W5: =IFERROR(+V5/U5,0) -> 0 | X5: =IFERROR(VLOOKUP(_xlfn.CONCAT($V$3,"_",B5,"_",$U$2,"_",Parámetros!$C$6),DATA_KPI_PRE!A:F,6,FALSE),0) -> 0 | Y5: =IFERROR(+(V5/X5)-1,0) -> 0 | AA5: =IFERROR(VLOOKUP(_xlfn.CONCAT($AA$3,"_",B5,"_",$AA$2,"_",Parámetros!$C$6),DATA_KPI!$A:$H,6,FALSE),0) -> 3530.98 | AB5: =IFERROR(VLOOKUP(_xlfn.CONCAT($AB$3,"_",B5,"_",$AA$2,"_",Parámetros!$C$6),DATA_KPI!$A:$H,6,FALSE),0) -> 18504.43 | AC5: =IFERROR(+AB5/AA5,0) -> 5.2405933 | AD5: =IFERROR(VLOOKUP(_xlfn.CONCAT($AB$3,"_",B5,"_",$AA$2,"_",Parámetros!$C$6),DATA_KPI_PRE!A:F,6,FALSE),0) -> 0 | AE5: =IFERROR(+(AB5/AD5)-1,0) -> 0 | AG5: =IFERROR(VLOOKUP(_xlfn.CONCAT($AG$3,"_",B5,"_",$AG$2,"_",Parámetros!$C$6),DATA_KPI!$A:$H,6,FALSE),0) -> 0 | AH5: =IFERROR(VLOOKUP(_xlfn.CONCAT($AH$3,"_",B5,"_",$AG$2,"_",Parámetros!$C$6),DATA_KPI!$A:$H,6,FALSE),0) -> 0 | AI5: =IFERROR(+AH5/AG5,0) -> 0 | AJ5: =IFERROR(VLOOKUP(_xlfn.CONCAT($AH$3,"_",B5,"_",$AG$2,"_",Parámetros!$C$6),DATA_KPI_PRE!A:F,6,FALSE),0) -> 0 | AK5: =IFERROR(+(AH5/AJ5)-1,0) -> 0 | AM5: =IFERROR(VLOOKUP(_xlfn.CONCAT($AM$3,"_",B5,"_",$AM$2,"_",Parámetros!$C$6),DATA_KPI!$A:$H,6,FALSE),0) -> 0 | AN5: =IFERROR(VLOOKUP(_xlfn.CONCAT($AN$3,"_",B5,"_",$AM$2,"_",Parámetros!$C$6),DATA_KPI!$A:$H,6,FALSE),0) -> 0 | AO5: =IFERROR(+AN5/AM5,0) -> 0 | AP5: =IFERROR(VLOOKUP(_xlfn.CONCAT($AN$3,"_",B5,"_",$AM$2,"_",Parámetros!$C$6),DATA_KPI_PRE!A:F,6,FALSE),0) -> 0 | AQ5: =IFERROR(+(AN5/AP5)-1,0) -> 0 | AS5: =IFERROR(J5/D5,0) -> 0.88077711 | AT5: =IFERROR(P5/D5,0) -> 0.11744486 | AU5: =IFERROR(V5/D5,0) -> 0 | AV5: =IFERROR(AB5/D5,0) -> 0.001778029 | AW5: =IFERROR(AH5/D5,0) -> 0 | AX5: =IFERROR(AN5/D5,0) -> 0 | AY5: =SUM(AS5:AX5) -> 1 | BA5: Part. V Ventanitas UBER | BB5: =AH53/AH57 -> 0.15110035
A6: Cartago | B6: =IF(IFERROR(VLOOKUP(A6,DATA_KPI!$D:$H,5,FALSE),"")="",VLOOKUP(A6,DATA_KPI_PRE!$D:$H,5,FALSE),VLOOKUP(A6,DATA_KPI!$D:$H,5,FALSE)) -> S42 | C6: =IFERROR(VLOOKUP(_xlfn.CONCAT($C$3,"_",B6,"_",$C$2,"_",Parámetros!$C$6),DATA_KPI!$A:$H,6,FALSE),0) -> 17205595 | D6: =IFERROR(VLOOKUP(_xlfn.CONCAT($D$3,"_",B6,"_",$C$2,"_",Parámetros!$C$6),DATA_KPI!A:H,6,FALSE),0) -> 16537087 | E6: =IFERROR(+(D6/C6)-1,0) -> -0.038854105 | F6: =IFERROR(VLOOKUP(_xlfn.CONCAT($D$3,"_",B6,"_",$C$2,"_",Parámetros!$C$6),DATA_KPI_PRE!$A:$F,6,FALSE),0) -> 17173291 | G6: =IFERROR(+(D6/F6)-1,0) -> -0.037046105 | I6: =IFERROR(VLOOKUP(_xlfn.CONCAT($I$3,"_",B6,"_",$I$2,"_",Parámetros!$C$6),DATA_KPI!$A:$H,6,FALSE),0) -> 9360675.3 | J6: =IFERROR(VLOOKUP(_xlfn.CONCAT($J$3,"_",B6,"_",$I$2,"_",Parámetros!$C$6),DATA_KPI!$A:$H,6,FALSE),0) -> 8251107.7 | K6: =IFERROR(+(J6/I6)-1,0) -> -0.11853499 | L6: =IFERROR(VLOOKUP(_xlfn.CONCAT($J$3,"_",B6,"_",$I$2,"_",Parámetros!$C$6),DATA_KPI_PRE!A:F,6,FALSE),0) -> 9165892.1 | M6: =IFERROR(+(J6/L6)-1,0) -> -0.099803092 | O6: =IFERROR(VLOOKUP(_xlfn.CONCAT($O$3,"_",B6,"_",$O$2,"_",Parámetros!$C$6),DATA_KPI!$A:$H,6,FALSE),0) -> 1127047 | P6: =IFERROR(VLOOKUP(_xlfn.CONCAT($P$3,"_",B6,"_",$O$2,"_",Parámetros!$C$6),DATA_KPI!$A:$H,6,FALSE),0) -> 628475.62 | Q6: =IFERROR(+(P6/O6)-1,0) -> -0.44236966 | R6: =IFERROR(VLOOKUP(_xlfn.CONCAT($P$3,"_",B6,"_",$O$2,"_",Parámetros!$C$6),DATA_KPI_PRE!A:F,6,FALSE),0) -> 1584457.3 | S6: =IFERROR(+(P6/R6)-1,0) -> -0.60334961 | U6: =IFERROR(VLOOKUP(_xlfn.CONCAT($U$3,"_",B6,"_",$U$2,"_",Parámetros!$C$6),DATA_KPI!$A:$H,6,FALSE),0) -> 0 | V6: =IFERROR(VLOOKUP(_xlfn.CONCAT($V$3,"_",B6,"_",$U$2,"_",Parámetros!$C$6),DATA_KPI!$A:$H,6,FALSE),0) -> 0 | W6: =IFERROR(+(V6/U6)-1,0) -> 0 | X6: =IFERROR(VLOOKUP(_xlfn.CONCAT($V$3,"_",B6,"_",$U$2,"_",Parámetros!$C$6),DATA_KPI_PRE!A:F,6,FALSE),0) -> 0 | Y6: =IFERROR(+(V6/X6)-1,0) -> 0 | AA6: =IFERROR(VLOOKUP(_xlfn.CONCAT($AA$3,"_",B6,"_",$AA$2,"_",Parámetros!$C$6),DATA_KPI!$A:$H,6,FALSE),0) -> 301657.6 | AB6: =IFERROR(VLOOKUP(_xlfn.CONCAT($AB$3,"_",B6,"_",$AA$2,"_",Parámetros!$C$6),DATA_KPI!$A:$H,6,FALSE),0) -> 397321.4 | AC6: =IFERROR(+(AB6/AA6)-1,0) -> 0.3171271 | AD6: =IFERROR(VLOOKUP(_xlfn.CONCAT($AB$3,"_",B6,"_",$AA$2,"_",Parámetros!$C$6),DATA_KPI_PRE!A:F,6,FALSE),0) -> 103594.97 | AE6: =IFERROR(+(AB6/AD6)-1,0) -> 2.8353348 | AG6: =IFERROR(VLOOKUP(_xlfn.CONCAT($AG$3,"_",B6,"_",$AG$2,"_",Parámetros!$C$6),DATA_KPI!$A:$H,6,FALSE),0) -> 6386731.9 | AH6: =IFERROR(VLOOKUP(_xlfn.CONCAT($AH$3,"_",B6,"_",$AG$2,"_",Parámetros!$C$6),DATA_KPI!$A:$H,6,FALSE),0) -> 7232788.8 | AI6: =IFERROR(+(AH6/AG6)-1,0) -> 0.13247102 | AJ6: =IFERROR(VLOOKUP(_xlfn.CONCAT($AH$3,"_",B6,"_",$AG$2,"_",Parámetros!$C$6),DATA_KPI_PRE!A:F,6,FALSE),0) -> 6268588.6 | AK6: =IFERROR(+(AH6/AJ6)-1,0) -> 0.15381455 | AM6: =IFERROR(VLOOKUP(_xlfn.CONCAT($AM$3,"_",B6,"_",$AM$2,"_",Parámetros!$C$6),DATA_KPI!$A:$H,6,FALSE),0) -> 29483.2 | AN6: =IFERROR(VLOOKUP(_xlfn.CONCAT($AN$3,"_",B6,"_",$AM$2,"_",Parámetros!$C$6),DATA_KPI!$A:$H,6,FALSE),0) -> 27393.47 | AO6: =IFERROR(+AN6/AM6,0) -> 0.92912133 | AP6: =IFERROR(VLOOKUP(_xlfn.CONCAT($AN$3,"_",B6,"_",$AM$2,"_",Parámetros!$C$6),DATA_KPI_PRE!A:F,6,FALSE),0) -> 50757.497 | AQ6: =IFERROR(+(AN6/AP6)-1,0) -> -0.46030691 | AS6: =J6/D6 -> 0.49894566 | AT6: =P6/D6 -> 0.03800401 | AU6: =V6/D6 -> 0 | AV6: =AB6/D6 -> 0.024026081 | AW6: =AH6/D6 -> 0.43736777 | AX6: =AN6/D6 -> 0.001656487 | AY6: =SUM(AS6:AX6) -> 1
A7: City Mall | B7: =IF(IFERROR(VLOOKUP(A7,DATA_KPI!$D:$H,5,FALSE),"")="",VLOOKUP(A7,DATA_KPI_PRE!$D:$H,5,FALSE),VLOOKUP(A7,DATA_KPI!$D:$H,5,FALSE)) -> S38 | C7: =IFERROR(VLOOKUP(_xlfn.CONCAT($C$3,"_",B7,"_",$C$2,"_",Parámetros!$C$6),DATA_KPI!$A:$H,6,FALSE),0) -> 16382347 | D7: =IFERROR(VLOOKUP(_xlfn.CONCAT($D$3,"_",B7,"_",$C$2,"_",Parámetros!$C$6),DATA_KPI!A:H,6,FALSE),0) -> 13768826 | E7: =IFERROR(+(D7/C7)-1,0) -> -0.1595328 | F7: =IFERROR(VLOOKUP(_xlfn.CONCAT($D$3,"_",B7,"_",$C$2,"_",Parámetros!$C$6),DATA_KPI_PRE!$A:$F,6,FALSE),0) -> 15466880 | G7: =IFERROR(+(D7/F7)-1,0) -> -0.10978646 | I7: =IFERROR(VLOOKUP(_xlfn.CONCAT($I$3,"_",B7,"_",$I$2,"_",Parámetros!$C$6),DATA_KPI!$A:$H,6,FALSE),0) -> 15581772 | J7: =IFERROR(VLOOKUP(_xlfn.CONCAT($J$3,"_",B7,"_",$I$2,"_",Parámetros!$C$6),DATA_KPI!$A:$H,6,FALSE),0) -> 13647491 | K7: =IFERROR(+(J7/I7)-1,0) -> -0.12413744 | L7: =IFERROR(VLOOKUP(_xlfn.CONCAT($J$3,"_",B7,"_",$I$2,"_",Parámetros!$C$6),DATA_KPI_PRE!A:F,6,FALSE),0) -> 15120405 | M7: =IFERROR(+(J7/L7)-1,0) -> -0.097412363 | O7: =IFERROR(VLOOKUP(_xlfn.CONCAT($O$3,"_",B7,"_",$O$2,"_",Parámetros!$C$6),DATA_KPI!$A:$H,6,FALSE),0) -> 210914.9 | P7: =IFERROR(VLOOKUP(_xlfn.CONCAT($P$3,"_",B7,"_",$O$2,"_",Parámetros!$C$6),DATA_KPI!$A:$H,6,FALSE),0) -> 121335.1 | Q7: =IFERROR(+(P7/O7)-1,0) -> -0.42472011 | R7: =IFERROR(VLOOKUP(_xlfn.CONCAT($P$3,"_",B7,"_",$O$2,"_",Parámetros!$C$6),DATA_KPI_PRE!A:F,6,FALSE),0) -> 346474.62 | S7: =IFERROR(+(P7/R7)-1,0) -> -0.6498009 | U7: =IFERROR(VLOOKUP(_xlfn.CONCAT($U$3,"_",B7,"_",$U$2,"_",Parámetros!$C$6),DATA_KPI!$A:$H,6,FALSE),0) -> 0 | V7: =IFERROR(VLOOKUP(_xlfn.CONCAT($V$3,"_",B7,"_",$U$2,"_",Parámetros!$C$6),DATA_KPI!$A:$H,6,FALSE),0) -> 0 | W7: =IFERROR(+(V7/U7)-1,0) -> 0 | X7: =IFERROR(VLOOKUP(_xlfn.CONCAT($V$3,"_",B7,"_",$U$2,"_",Parámetros!$C$6),DATA_KPI_PRE!A:F,6,FALSE),0) -> 0 | Y7: =IFERROR(+(V7/X7)-1,0) -> 0 | AA7: =IFERROR(VLOOKUP(_xlfn.CONCAT($AA$3,"_",B7,"_",$AA$2,"_",Parámetros!$C$6),DATA_KPI!$A:$H,6,FALSE),0) -> 0 | AB7: =IFERROR(VLOOKUP(_xlfn.CONCAT($AB$3,"_",B7,"_",$AA$2,"_",Parámetros!$C$6),DATA_KPI!$A:$H,6,FALSE),0) -> 0 | AC7: =IFERROR(+(AB7/AA7)-1,0) -> 0 | AD7: =IFERROR(VLOOKUP(_xlfn.CONCAT($AB$3,"_",B7,"_",$AA$2,"_",Parámetros!$C$6),DATA_KPI_PRE!A:F,6,FALSE),0) -> 0 | AE7: =IFERROR(+(AB7/AD7)-1,0) -> 0 | AG7: =IFERROR(VLOOKUP(_xlfn.CONCAT($AG$3,"_",B7,"_",$AG$2,"_",Parámetros!$C$6),DATA_KPI!$A:$H,6,FALSE),0) -> 589660.6 | AH7: =IFERROR(VLOOKUP(_xlfn.CONCAT($AH$3,"_",B7,"_",$AG$2,"_",Parámetros!$C$6),DATA_KPI!$A:$H,6,FALSE),0) -> 0 | AI7: =IFERROR(+(AH7/AG7)-1,0) -> -1 | AJ7: =IFERROR(VLOOKUP(_xlfn.CONCAT($AH$3,"_",B7,"_",$AG$2,"_",Parámetros!$C$6),DATA_KPI_PRE!A:F,6,FALSE),0) -> 0 | AK7: =IFERROR(+(AH7/AJ7)-1,0) -> 0 | AM7: =IFERROR(VLOOKUP(_xlfn.CONCAT($AM$3,"_",B7,"_",$AM$2,"_",Parámetros!$C$6),DATA_KPI!$A:$H,6,FALSE),0) -> 0 | AN7: =IFERROR(VLOOKUP(_xlfn.CONCAT($AN$3,"_",B7,"_",$AM$2,"_",Parámetros!$C$6),DATA_KPI!$A:$H,6,FALSE),0) -> 0 | AO7: =IFERROR(+AN7/AM7,0) -> 0 | AP7: =IFERROR(VLOOKUP(_xlfn.CONCAT($AN$3,"_",B7,"_",$AM$2,"_",Parámetros!$C$6),DATA_KPI_PRE!A:F,6,FALSE),0) -> 0 | AQ7: =IFERROR(+(AN7/AP7)-1,0) -> 0 | AS7: =J7/D7 -> 0.99118769 | AT7: =P7/D7 -> 0.0088123056 | AU7: =V7/D7 -> 0 | AV7: =AB7/D7 -> 0 | AW7: =AH7/D7 -> 0 | AX7: =AN7/D7 -> 0 | AY7: =SUM(AS7:AX7) -> 1
A8: Coronado | B8: =IF(IFERROR(VLOOKUP(A8,DATA_KPI!$D:$H,5,FALSE),"")="",VLOOKUP(A8,DATA_KPI_PRE!$D:$H,5,FALSE),VLOOKUP(A8,DATA_KPI!$D:$H,5,FALSE)) -> S71 | C8: =IFERROR(VLOOKUP(_xlfn.CONCAT($C$3,"_",B8,"_",$C$2,"_",Parámetros!$C$6),DATA_KPI!$A:$H,6,FALSE),0) -> 16267031 | D8: =IFERROR(VLOOKUP(_xlfn.CONCAT($D$3,"_",B8,"_",$C$2,"_",Parámetros!$C$6),DATA_KPI!A:H,6,FALSE),0) -> 15370828 | E8: =IFERROR(+(D8/C8)-1,0) -> -0.055093207 | F8: =IFERROR(VLOOKUP(_xlfn.CONCAT($D$3,"_",B8,"_",$C$2,"_",Parámetros!$C$6),DATA_KPI_PRE!$A:$F,6,FALSE),0) -> 15966897 | G8: =IFERROR(+(D8/F8)-1,0) -> -0.037331549 | I8: =IFERROR(VLOOKUP(_xlfn.CONCAT($I$3,"_",B8,"_",$I$2,"_",Parámetros!$C$6),DATA_KPI!$A:$H,6,FALSE),0) -> 6372211.1 | J8: =IFERROR(VLOOKUP(_xlfn.CONCAT($J$3,"_",B8,"_",$I$2,"_",Parámetros!$C$6),DATA_KPI!$A:$H,6,FALSE),0) -> 6920079 | K8: =IFERROR(+(J8/I8)-1,0) -> 0.085977679 | L8: =IFERROR(VLOOKUP(_xlfn.CONCAT($J$3,"_",B8,"_",$I$2,"_",Parámetros!$C$6),DATA_KPI_PRE!A:F,6,FALSE),0) -> 5809254.5 | M8: =IFERROR(+(J8/L8)-1,0) -> 0.19121636 | O8: =IFERROR(VLOOKUP(_xlfn.CONCAT($O$3,"_",B8,"_",$O$2,"_",Parámetros!$C$6),DATA_KPI!$A:$H,6,FALSE),0) -> 2090064 | P8: =IFERROR(VLOOKUP(_xlfn.CONCAT($P$3,"_",B8,"_",$O$2,"_",Parámetros!$C$6),DATA_KPI!$A:$H,6,FALSE),0) -> 1176104.4 | Q8: =IFERROR(+(P8/O8)-1,0) -> -0.43728787 | R8: =IFERROR(VLOOKUP(_xlfn.CONCAT($P$3,"_",B8,"_",$O$2,"_",Parámetros!$C$6),DATA_KPI_PRE!A:F,6,FALSE),0) -> 2146748.5 | S8: =IFERROR(+(P8/R8)-1,0) -> -0.45214618 | U8: =IFERROR(VLOOKUP(_xlfn.CONCAT($U$3,"_",B8,"_",$U$2,"_",Parámetros!$C$6),DATA_KPI!$A:$H,6,FALSE),0) -> 0 | V8: =IFERROR(VLOOKUP(_xlfn.CONCAT($V$3,"_",B8,"_",$U$2,"_",Parámetros!$C$6),DATA_KPI!$A:$H,6,FALSE),0) -> 0 | W8: =IFERROR(+(V8/U8)-1,0) -> 0 | X8: =IFERROR(VLOOKUP(_xlfn.CONCAT($V$3,"_",B8,"_",$U$2,"_",Parámetros!$C$6),DATA_KPI_PRE!A:F,6,FALSE),0) -> 0 | Y8: =IFERROR(+(V8/X8)-1,0) -> 0 | AA8: =IFERROR(VLOOKUP(_xlfn.CONCAT($AA$3,"_",B8,"_",$AA$2,"_",Parámetros!$C$6),DATA_KPI!$A:$H,6,FALSE),0) -> 275743.47 | AB8: =IFERROR(VLOOKUP(_xlfn.CONCAT($AB$3,"_",B8,"_",$AA$2,"_",Parámetros!$C$6),DATA_KPI!$A:$H,6,FALSE),0) -> 80646.02 | AC8: =IFERROR(+(AB8/AA8)-1,0) -> -0.70753244 | AD8: =IFERROR(VLOOKUP(_xlfn.CONCAT($AB$3,"_",B8,"_",$AA$2,"_",Parámetros!$C$6),DATA_KPI_PRE!A:F,6,FALSE),0) -> 868656.18 | AE8: =IFERROR(+(AB8/AD8)-1,0) -> -0.90716002 | AG8: =IFERROR(VLOOKUP(_xlfn.CONCAT($AG$3,"_",B8,"_",$AG$2,"_",Parámetros!$C$6),DATA_KPI!$A:$H,6,FALSE),0) -> 7529012.1 | AH8: =IFERROR(VLOOKUP(_xlfn.CONCAT($AH$3,"_",B8,"_",$AG$2,"_",Parámetros!$C$6),DATA_KPI!$A:$H,6,FALSE),0) -> 6993822.8 | AI8: =IFERROR(+(AH8/AG8)-1,0) -> -0.071083611 | AJ8: =IFERROR(VLOOKUP(_xlfn.CONCAT($AH$3,"_",B8,"_",$AG$2,"_",Parámetros!$C$6),DATA_KPI_PRE!A:F,6,FALSE),0) -> 7138051.6 | AK8: =IFERROR(+(AH8/AJ8)-1,0) -> -0.020205631 | AM8: =IFERROR(VLOOKUP(_xlfn.CONCAT($AM$3,"_",B8,"_",$AM$2,"_",Parámetros!$C$6),DATA_KPI!$A:$H,6,FALSE),0) -> 0 | AN8: =IFERROR(VLOOKUP(_xlfn.CONCAT($AN$3,"_",B8,"_",$AM$2,"_",Parámetros!$C$6),DATA_KPI!$A:$H,6,FALSE),0) -> 200175.67 | AO8: =IFERROR(+AN8/AM8,0) -> 0 | AP8: =IFERROR(VLOOKUP(_xlfn.CONCAT($AN$3,"_",B8,"_",$AM$2,"_",Parámetros!$C$6),DATA_KPI_PRE!A:F,6,FALSE),0) -> 4186.0315 | AQ8: =IFERROR(+(AN8/AP8)-1,0) -> 46.819914 | AS8: =J8/D8 -> 0.45020861 | AT8: =P8/D8 -> 0.076515357 | AU8: =V8/D8 -> 0 | AV8: =AB8/D8 -> 0.0052466933 | AW8: =AH8/D8 -> 0.45500625 | AX8: =AN8/D8 -> 0.01302309 | AY8: =SUM(AS8:AX8) -> 1
A9: Curridabat | B9: =IF(IFERROR(VLOOKUP(A9,DATA_KPI!$D:$H,5,FALSE),"")="",VLOOKUP(A9,DATA_KPI_PRE!$D:$H,5,FALSE),VLOOKUP(A9,DATA_KPI!$D:$H,5,FALSE)) -> S12 | C9: =IFERROR(VLOOKUP(_xlfn.CONCAT($C$3,"_",B9,"_",$C$2,"_",Parámetros!$C$6),DATA_KPI!$A:$H,6,FALSE),0) -> 24447375 | D9: =IFERROR(VLOOKUP(_xlfn.CONCAT($D$3,"_",B9,"_",$C$2,"_",Parámetros!$C$6),DATA_KPI!A:H,6,FALSE),0) -> 21786623 | E9: =IFERROR(+(D9/C9)-1,0) -> -0.10883589 | F9: =IFERROR(VLOOKUP(_xlfn.CONCAT($D$3,"_",B9,"_",$C$2,"_",Parámetros!$C$6),DATA_KPI_PRE!$A:$F,6,FALSE),0) -> 22970475 | G9: =IFERROR(+(D9/F9)-1,0) -> -0.051537988 | I9: =IFERROR(VLOOKUP(_xlfn.CONCAT($I$3,"_",B9,"_",$I$2,"_",Parámetros!$C$6),DATA_KPI!$A:$H,6,FALSE),0) -> 14872712 | J9: =IFERROR(VLOOKUP(_xlfn.CONCAT($J$3,"_",B9,"_",$I$2,"_",Parámetros!$C$6),DATA_KPI!$A:$H,6,FALSE),0) -> 13225496 | K9: =IFERROR(+(J9/I9)-1,0) -> -0.11075424 | L9: =IFERROR(VLOOKUP(_xlfn.CONCAT($J$3,"_",B9,"_",$I$2,"_",Parámetros!$C$6),DATA_KPI_PRE!A:F,6,FALSE),0) -> 13579794 | M9: =IFERROR(+(J9/L9)-1,0) -> -0.026090098 | O9: =IFERROR(VLOOKUP(_xlfn.CONCAT($O$3,"_",B9,"_",$O$2,"_",Parámetros!$C$6),DATA_KPI!$A:$H,6,FALSE),0) -> 2205356.6 | P9: =IFERROR(VLOOKUP(_xlfn.CONCAT($P$3,"_",B9,"_",$O$2,"_",Parámetros!$C$6),DATA_KPI!$A:$H,6,FALSE),0) -> 1727867.5 | Q9: =IFERROR(+(P9/O9)-1,0) -> -0.21651334 | R9: =IFERROR(VLOOKUP(_xlfn.CONCAT($P$3,"_",B9,"_",$O$2,"_",Parámetros!$C$6),DATA_KPI_PRE!A:F,6,FALSE),0) -> 2152914.8 | S9: =IFERROR(+(P9/R9)-1,0) -> -0.19742878 | U9: =IFERROR(VLOOKUP(_xlfn.CONCAT($U$3,"_",B9,"_",$U$2,"_",Parámetros!$C$6),DATA_KPI!$A:$H,6,FALSE),0) -> 0 | V9: =IFERROR(VLOOKUP(_xlfn.CONCAT($V$3,"_",B9,"_",$U$2,"_",Parámetros!$C$6),DATA_KPI!$A:$H,6,FALSE),0) -> 0 | W9: =IFERROR(+(V9/U9)-1,0) -> 0 | X9: =IFERROR(VLOOKUP(_xlfn.CONCAT($V$3,"_",B9,"_",$U$2,"_",Parámetros!$C$6),DATA_KPI_PRE!A:F,6,FALSE),0) -> 0 | Y9: =IFERROR(+(V9/X9)-1,0) -> 0 | AA9: =IFERROR(VLOOKUP(_xlfn.CONCAT($AA$3,"_",B9,"_",$AA$2,"_",Parámetros!$C$6),DATA_KPI!$A:$H,6,FALSE),0) -> 1017596 | AB9: =IFERROR(VLOOKUP(_xlfn.CONCAT($AB$3,"_",B9,"_",$AA$2,"_",Parámetros!$C$6),DATA_KPI!$A:$H,6,FALSE),0) -> 646981.68 | AC9: =IFERROR(+(AB9/AA9)-1,0) -> -0.36420576 | AD9: =IFERROR(VLOOKUP(_xlfn.CONCAT($AB$3,"_",B9,"_",$AA$2,"_",Parámetros!$C$6),DATA_KPI_PRE!A:F,6,FALSE),0) -> 1247389.5 | AE9: =IFERROR(+(AB9/AD9)-1,0) -> -0.48133149 | AG9: =IFERROR(VLOOKUP(_xlfn.CONCAT($AG$3,"_",B9,"_",$AG$2,"_",Parámetros!$C$6),DATA_KPI!$A:$H,6,FALSE),0) -> 6320125.9 | AH9: =IFERROR(VLOOKUP(_xlfn.CONCAT($AH$3,"_",B9,"_",$AG$2,"_",Parámetros!$C$6),DATA_KPI!$A:$H,6,FALSE),0) -> 6048879.1 | AI9: =IFERROR(+(AH9/AG9)-1,0) -> -0.042917942 | AJ9: =IFERROR(VLOOKUP(_xlfn.CONCAT($AH$3,"_",B9,"_",$AG$2,"_",Parámetros!$C$6),DATA_KPI_PRE!A:F,6,FALSE),0) -> 5933870.2 | AK9: =IFERROR(+(AH9/AJ9)-1,0) -> 0.019381782 | AM9: =IFERROR(VLOOKUP(_xlfn.CONCAT($AM$3,"_",B9,"_",$AM$2,"_",Parámetros!$C$6),DATA_KPI!$A:$H,6,FALSE),0) -> 31584.07 | AN9: =IFERROR(VLOOKUP(_xlfn.CONCAT($AN$3,"_",B9,"_",$AM$2,"_",Parámetros!$C$6),DATA_KPI!$A:$H,6,FALSE),0) -> 137398.32 | AO9: =IFERROR(+AN9/AM9,0) -> 4.3502411 | AP9: =IFERROR(VLOOKUP(_xlfn.CONCAT($AN$3,"_",B9,"_",$AM$2,"_",Parámetros!$C$6),DATA_KPI_PRE!A:F,6,FALSE),0) -> 56505.964 | AQ9: =IFERROR(+(AN9/AP9)-1,0) -> 1.431572 | AS9: =J9/D9 -> 0.60704664 | AT9: =P9/D9 -> 0.079308643 | AU9: =V9/D9 -> 0 | AV9: =AB9/D9 -> 0.029696281 | AW9: =AH9/D9 -> 0.27764189 | AX9: =AN9/D9 -> 0.0063065451 | AY9: =SUM(AS9:AX9) -> 1
A10: Desamparados | B10: =IF(IFERROR(VLOOKUP(A10,DATA_KPI!$D:$H,5,FALSE),"")="",VLOOKUP(A10,DATA_KPI_PRE!$D:$H,5,FALSE),VLOOKUP(A10,DATA_KPI!$D:$H,5,FALSE)) -> S04 | C10: =IFERROR(VLOOKUP(_xlfn.CONCAT($C$3,"_",B10,"_",$C$2,"_",Parámetros!$C$6),DATA_KPI!$A:$H,6,FALSE),0) -> 21489239 | D10: =IFERROR(VLOOKUP(_xlfn.CONCAT($D$3,"_",B10,"_",$C$2,"_",Parámetros!$C$6),DATA_KPI!A:H,6,FALSE),0) -> 19396479 | E10: =IFERROR(+(D10/C10)-1,0) -> -0.097386435 | F10: =IFERROR(VLOOKUP(_xlfn.CONCAT($D$3,"_",B10,"_",$C$2,"_",Parámetros!$C$6),DATA_KPI_PRE!$A:$F,6,FALSE),0) -> 21440108 | G10: =IFERROR(+(D10/F10)-1,0) -> -0.095318062 | I10: =IFERROR(VLOOKUP(_xlfn.CONCAT($I$3,"_",B10,"_",$I$2,"_",Parámetros!$C$6),DATA_KPI!$A:$H,6,FALSE),0) -> 9393659.5 | J10: =IFERROR(VLOOKUP(_xlfn.CONCAT($J$3,"_",B10,"_",$I$2,"_",Parámetros!$C$6),DATA_KPI!$A:$H,6,FALSE),0) -> 9927208.6 | K10: =IFERROR(+(J10/I10)-1,0) -> 0.056798854 | L10: =IFERROR(VLOOKUP(_xlfn.CONCAT($J$3,"_",B10,"_",$I$2,"_",Parámetros!$C$6),DATA_KPI_PRE!A:F,6,FALSE),0) -> 8858545.5 | M10: =IFERROR(+(J10/L10)-1,0) -> 0.12063641 | O10: =IFERROR(VLOOKUP(_xlfn.CONCAT($O$3,"_",B10,"_",$O$2,"_",Parámetros!$C$6),DATA_KPI!$A:$H,6,FALSE),0) -> 2394926.5 | P10: =IFERROR(VLOOKUP(_xlfn.CONCAT($P$3,"_",B10,"_",$O$2,"_",Parámetros!$C$6),DATA_KPI!$A:$H,6,FALSE),0) -> 1199912.4 | Q10: =IFERROR(+(P10/O10)-1,0) -> -0.49897738 | R10: =IFERROR(VLOOKUP(_xlfn.CONCAT($P$3,"_",B10,"_",$O$2,"_",Parámetros!$C$6),DATA_KPI_PRE!A:F,6,FALSE),0) -> 2338615.8 | S10: =IFERROR(+(P10/R10)-1,0) -> -0.48691342 | U10: =IFERROR(VLOOKUP(_xlfn.CONCAT($U$3,"_",B10,"_",$U$2,"_",Parámetros!$C$6),DATA_KPI!$A:$H,6,FALSE),0) -> 0 | V10: =IFERROR(VLOOKUP(_xlfn.CONCAT($V$3,"_",B10,"_",$U$2,"_",Parámetros!$C$6),DATA_KPI!$A:$H,6,FALSE),0) -> 0 | W10: =IFERROR(+(V10/U10)-1,0) -> 0 | X10: =IFERROR(VLOOKUP(_xlfn.CONCAT($V$3,"_",B10,"_",$U$2,"_",Parámetros!$C$6),DATA_KPI_PRE!A:F,6,FALSE),0) -> 0 | Y10: =IFERROR(+(V10/X10)-1,0) -> 0 | AA10: =IFERROR(VLOOKUP(_xlfn.CONCAT($AA$3,"_",B10,"_",$AA$2,"_",Parámetros!$C$6),DATA_KPI!$A:$H,6,FALSE),0) -> 765351.67 | AB10: =IFERROR(VLOOKUP(_xlfn.CONCAT($AB$3,"_",B10,"_",$AA$2,"_",Parámetros!$C$6),DATA_KPI!$A:$H,6,FALSE),0) -> 459366.47 | AC10: =IFERROR(+(AB10/AA10)-1,0) -> -0.39979687 | AD10: =IFERROR(VLOOKUP(_xlfn.CONCAT($AB$3,"_",B10,"_",$AA$2,"_",Parámetros!$C$6),DATA_KPI_PRE!A:F,6,FALSE),0) -> 1034549.5 | AE10: =IFERROR(+(AB10/AD10)-1,0) -> -0.55597441 | AG10: =IFERROR(VLOOKUP(_xlfn.CONCAT($AG$3,"_",B10,"_",$AG$2,"_",Parámetros!$C$6),DATA_KPI!$A:$H,6,FALSE),0) -> 8841522.8 | AH10: =IFERROR(VLOOKUP(_xlfn.CONCAT($AH$3,"_",B10,"_",$AG$2,"_",Parámetros!$C$6),DATA_KPI!$A:$H,6,FALSE),0) -> 7673751.6 | AI10: =IFERROR(+(AH10/AG10)-1,0) -> -0.13207806 | AJ10: =IFERROR(VLOOKUP(_xlfn.CONCAT($AH$3,"_",B10,"_",$AG$2,"_",Parámetros!$C$6),DATA_KPI_PRE!A:F,6,FALSE),0) -> 9074387.4 | AK10: =IFERROR(+(AH10/AJ10)-1,0) -> -0.15435045 | AM10: =IFERROR(VLOOKUP(_xlfn.CONCAT($AM$3,"_",B10,"_",$AM$2,"_",Parámetros!$C$6),DATA_KPI!$A:$H,6,FALSE),0) -> 93778.75 | AN10: =IFERROR(VLOOKUP(_xlfn.CONCAT($AN$3,"_",B10,"_",$AM$2,"_",Parámetros!$C$6),DATA_KPI!$A:$H,6,FALSE),0) -> 136239.82 | AO10: =IFERROR(+AN10/AM10,0) -> 1.4527792 | AP10: =IFERROR(VLOOKUP(_xlfn.CONCAT($AN$3,"_",B10,"_",$AM$2,"_",Parámetros!$C$6),DATA_KPI_PRE!A:F,6,FALSE),0) -> 134010.3 | AQ10: =IFERROR(+(AN10/AP10)-1,0) -> 0.016636938 | AS10: =J10/D10 -> 0.51180468 | AT10: =P10/D10 -> 0.061862382 | AU10: =V10/D10 -> 0 | AV10: =AB10/D10 -> 0.023682982 | AW10: =AH10/D10 -> 0.39562601 | AX10: =AN10/D10 -> 0.007023946 | AY10: =SUM(AS10:AX10) -> 1
A11: Escazú | B11: =IF(IFERROR(VLOOKUP(A11,DATA_KPI!$D:$H,5,FALSE),"")="",VLOOKUP(A11,DATA_KPI_PRE!$D:$H,5,FALSE),VLOOKUP(A11,DATA_KPI!$D:$H,5,FALSE)) -> S09 | C11: =IFERROR(VLOOKUP(_xlfn.CONCAT($C$3,"_",B11,"_",$C$2,"_",Parámetros!$C$6),DATA_KPI!$A:$H,6,FALSE),0) -> 20528584 | D11: =IFERROR(VLOOKUP(_xlfn.CONCAT($D$3,"_",B11,"_",$C$2,"_",Parámetros!$C$6),DATA_KPI!A:H,6,FALSE),0) -> 18410078 | E11: =IFERROR(+(D11/C11)-1,0) -> -0.10319786 | F11: =IFERROR(VLOOKUP(_xlfn.CONCAT($D$3,"_",B11,"_",$C$2,"_",Parámetros!$C$6),DATA_KPI_PRE!$A:$F,6,FALSE),0) -> 20662415 | G11: =IFERROR(+(D11/F11)-1,0) -> -0.10900647 | I11: =IFERROR(VLOOKUP(_xlfn.CONCAT($I$3,"_",B11,"_",$I$2,"_",Parámetros!$C$6),DATA_KPI!$A:$H,6,FALSE),0) -> 12079309 | J11: =IFERROR(VLOOKUP(_xlfn.CONCAT($J$3,"_",B11,"_",$I$2,"_",Parámetros!$C$6),DATA_KPI!$A:$H,6,FALSE),0) -> 9158915.5 | K11: =IFERROR(+(J11/I11)-1,0) -> -0.24176826 | L11: =IFERROR(VLOOKUP(_xlfn.CONCAT($J$3,"_",B11,"_",$I$2,"_",Parámetros!$C$6),DATA_KPI_PRE!A:F,6,FALSE),0) -> 10984028 | M11: =IFERROR(+(J11/L11)-1,0) -> -0.16616062 | O11: =IFERROR(VLOOKUP(_xlfn.CONCAT($O$3,"_",B11,"_",$O$2,"_",Parámetros!$C$6),DATA_KPI!$A:$H,6,FALSE),0) -> 1211329.3 | P11: =IFERROR(VLOOKUP(_xlfn.CONCAT($P$3,"_",B11,"_",$O$2,"_",Parámetros!$C$6),DATA_KPI!$A:$H,6,FALSE),0) -> 2077609.4 | Q11: =IFERROR(+(P11/O11)-1,0) -> 0.71514829 | R11: =IFERROR(VLOOKUP(_xlfn.CONCAT($P$3,"_",B11,"_",$O$2,"_",Parámetros!$C$6),DATA_KPI_PRE!A:F,6,FALSE),0) -> 1909851.2 | S11: =IFERROR(+(P11/R11)-1,0) -> 0.08783839 | U11: =IFERROR(VLOOKUP(_xlfn.CONCAT($U$3,"_",B11,"_",$U$2,"_",Parámetros!$C$6),DATA_KPI!$A:$H,6,FALSE),0) -> 0 | V11: =IFERROR(VLOOKUP(_xlfn.CONCAT($V$3,"_",B11,"_",$U$2,"_",Parámetros!$C$6),DATA_KPI!$A:$H,6,FALSE),0) -> 0 | W11: =IFERROR(+(V11/U11)-1,0) -> 0 | X11: =IFERROR(VLOOKUP(_xlfn.CONCAT($V$3,"_",B11,"_",$U$2,"_",Parámetros!$C$6),DATA_KPI_PRE!A:F,6,FALSE),0) -> 0 | Y11: =IFERROR(+(V11/X11)-1,0) -> 0 | AA11: =IFERROR(VLOOKUP(_xlfn.CONCAT($AA$3,"_",B11,"_",$AA$2,"_",Parámetros!$C$6),DATA_KPI!$A:$H,6,FALSE),0) -> 391701.02 | AB11: =IFERROR(VLOOKUP(_xlfn.CONCAT($AB$3,"_",B11,"_",$AA$2,"_",Parámetros!$C$6),DATA_KPI!$A:$H,6,FALSE),0) -> 410642.59 | AC11: =IFERROR(+(AB11/AA11)-1,0) -> 0.048357214 | AD11: =IFERROR(VLOOKUP(_xlfn.CONCAT($AB$3,"_",B11,"_",$AA$2,"_",Parámetros!$C$6),DATA_KPI_PRE!A:F,6,FALSE),0) -> 762686.99 | AE11: =IFERROR(+(AB11/AD11)-1,0) -> -0.46158438 | AG11: =IFERROR(VLOOKUP(_xlfn.CONCAT($AG$3,"_",B11,"_",$AG$2,"_",Parámetros!$C$6),DATA_KPI!$A:$H,6,FALSE),0) -> 6745334.1 | AH11: =IFERROR(VLOOKUP(_xlfn.CONCAT($AH$3,"_",B11,"_",$AG$2,"_",Parámetros!$C$6),DATA_KPI!$A:$H,6,FALSE),0) -> 6700753.5 | AI11: =IFERROR(+(AH11/AG11)-1,0) -> -0.0066090945 | AJ11: =IFERROR(VLOOKUP(_xlfn.CONCAT($AH$3,"_",B11,"_",$AG$2,"_",Parámetros!$C$6),DATA_KPI_PRE!A:F,6,FALSE),0) -> 6931984.5 | AK11: =IFERROR(+(AH11/AJ11)-1,0) -> -0.033357115 | AM11: =IFERROR(VLOOKUP(_xlfn.CONCAT($AM$3,"_",B11,"_",$AM$2,"_",Parámetros!$C$6),DATA_KPI!$A:$H,6,FALSE),0) -> 100910.14 | AN11: =IFERROR(VLOOKUP(_xlfn.CONCAT($AN$3,"_",B11,"_",$AM$2,"_",Parámetros!$C$6),DATA_KPI!$A:$H,6,FALSE),0) -> 62156.64 | AO11: =IFERROR(+AN11/AM11,0) -> 0.6159603 | AP11: =IFERROR(VLOOKUP(_xlfn.CONCAT($AN$3,"_",B11,"_",$AM$2,"_",Parámetros!$C$6),DATA_KPI_PRE!A:F,6,FALSE),0) -> 73863.423 | AQ11: =IFERROR(+(AN11/AP11)-1,0) -> -0.15849229 | AS11: =J11/D11 -> 0.49749467 | AT11: =P11/D11 -> 0.11285175 | AU11: =V11/D11 -> 0 | AV11: =AB11/D11 -> 0.022305315 | AW11: =AH11/D11 -> 0.36397204 | AX11: =AN11/D11 -> 0.0033762291 | AY11: =SUM(AS11:AX11) -> 1
A12: FC Parque Diversiones | B12: =IF(IFERROR(VLOOKUP(A12,DATA_KPI!$D:$H,5,FALSE),"")="",VLOOKUP(A12,DATA_KPI_PRE!$D:$H,5,FALSE),VLOOKUP(A12,DATA_KPI!$D:$H,5,FALSE)) -> S87 | C12: =IFERROR(VLOOKUP(_xlfn.CONCAT($C$3,"_",B12,"_",$C$2,"_",Parámetros!$C$6),DATA_KPI!$A:$H,6,FALSE),0) -> 21367546 | D12: =IFERROR(VLOOKUP(_xlfn.CONCAT($D$3,"_",B12,"_",$C$2,"_",Parámetros!$C$6),DATA_KPI!A:H,6,FALSE),0) -> 16296823 | E12: =IFERROR(+(D12/C12)-1,0) -> -0.23730956 | F12: =IFERROR(VLOOKUP(_xlfn.CONCAT($D$3,"_",B12,"_",$C$2,"_",Parámetros!$C$6),DATA_KPI_PRE!$A:$F,6,FALSE),0) -> 22571538 | G12: =IFERROR(+(D12/F12)-1,0) -> -0.27799235 | I12: =IFERROR(VLOOKUP(_xlfn.CONCAT($I$3,"_",B12,"_",$I$2,"_",Parámetros!$C$6),DATA_KPI!$A:$H,6,FALSE),0) -> 0 | J12: =IFERROR(VLOOKUP(_xlfn.CONCAT($J$3,"_",B12,"_",$I$2,"_",Parámetros!$C$6),DATA_KPI!$A:$H,6,FALSE),0) -> 1000602.9 | K12: =IFERROR(+(J12/I12)-1,0) -> 0 | L12: =IFERROR(VLOOKUP(_xlfn.CONCAT($J$3,"_",B12,"_",$I$2,"_",Parámetros!$C$6),DATA_KPI_PRE!A:F,6,FALSE),0) -> 0 | M12: =IFERROR(+(J12/L12)-1,0) -> 0 | O12: =IFERROR(VLOOKUP(_xlfn.CONCAT($O$3,"_",B12,"_",$O$2,"_",Parámetros!$C$6),DATA_KPI!$A:$H,6,FALSE),0) -> 21367546 | P12: =IFERROR(VLOOKUP(_xlfn.CONCAT($P$3,"_",B12,"_",$O$2,"_",Parámetros!$C$6),DATA_KPI!$A:$H,6,FALSE),0) -> 15296220 | Q12: =IFERROR(+(P12/O12)-1,0) -> -0.28413773 | R12: =IFERROR(VLOOKUP(_xlfn.CONCAT($P$3,"_",B12,"_",$O$2,"_",Parámetros!$C$6),DATA_KPI_PRE!A:F,6,FALSE),0) -> 22571538 | S12: =IFERROR(+(P12/R12)-1,0) -> -0.32232264 | U12: =IFERROR(VLOOKUP(_xlfn.CONCAT($U$3,"_",B12,"_",$U$2,"_",Parámetros!$C$6),DATA_KPI!$A:$H,6,FALSE),0) -> 0 | V12: =IFERROR(VLOOKUP(_xlfn.CONCAT($V$3,"_",B12,"_",$U$2,"_",Parámetros!$C$6),DATA_KPI!$A:$H,6,FALSE),0) -> 0 | W12: =IFERROR(+(V12/U12)-1,0) -> 0 | X12: =IFERROR(VLOOKUP(_xlfn.CONCAT($V$3,"_",B12,"_",$U$2,"_",Parámetros!$C$6),DATA_KPI_PRE!A:F,6,FALSE),0) -> 0 | Y12: =IFERROR(+(V12/X12)-1,0) -> 0 | AA12: =IFERROR(VLOOKUP(_xlfn.CONCAT($AA$3,"_",B12,"_",$AA$2,"_",Parámetros!$C$6),DATA_KPI!$A:$H,6,FALSE),0) -> 0 | AB12: =IFERROR(VLOOKUP(_xlfn.CONCAT($AB$3,"_",B12,"_",$AA$2,"_",Parámetros!$C$6),DATA_KPI!$A:$H,6,FALSE),0) -> 0 | AC12: =IFERROR(+(AB12/AA12)-1,0) -> 0 | AD12: =IFERROR(VLOOKUP(_xlfn.CONCAT($AB$3,"_",B12,"_",$AA$2,"_",Parámetros!$C$6),DATA_KPI_PRE!A:F,6,FALSE),0) -> 0 | AE12: =IFERROR(+(AB12/AD12)-1,0) -> 0 | AG12: =IFERROR(VLOOKUP(_xlfn.CONCAT($AG$3,"_",B12,"_",$AG$2,"_",Parámetros!$C$6),DATA_KPI!$A:$H,6,FALSE),0) -> 0 | AH12: =IFERROR(VLOOKUP(_xlfn.CONCAT($AH$3,"_",B12,"_",$AG$2,"_",Parámetros!$C$6),DATA_KPI!$A:$H,6,FALSE),0) -> 0 | AI12: =IFERROR(+(AH12/AG12)-1,0) -> 0 | AJ12: =IFERROR(VLOOKUP(_xlfn.CONCAT($AH$3,"_",B12,"_",$AG$2,"_",Parámetros!$C$6),DATA_KPI_PRE!A:F,6,FALSE),0) -> 0 | AK12: =IFERROR(+(AH12/AJ12)-1,0) -> 0 | AM12: =IFERROR(VLOOKUP(_xlfn.CONCAT($AM$3,"_",B12,"_",$AM$2,"_",Parámetros!$C$6),DATA_KPI!$A:$H,6,FALSE),0) -> 0 | AN12: =IFERROR(VLOOKUP(_xlfn.CONCAT($AN$3,"_",B12,"_",$AM$2,"_",Parámetros!$C$6),DATA_KPI!$A:$H,6,FALSE),0) -> 0 | AO12: =IFERROR(+AN12/AM12,0) -> 0 | AP12: =IFERROR(VLOOKUP(_xlfn.CONCAT($AN$3,"_",B12,"_",$AM$2,"_",Parámetros!$C$6),DATA_KPI_PRE!A:F,6,FALSE),0) -> 0 | AQ12: =IFERROR(+(AN12/AP12)-1,0) -> 0 | AS12: =J12/D12 -> 0.061398649 | AT12: =P12/D12 -> 0.93860135 | AU12: =V12/D12 -> 0 | AV12: =AB12/D12 -> 0 | AW12: =AH12/D12 -> 0 | AX12: =AN12/D12 -> 0 | AY12: =SUM(AS12:AX12) -> 1
A13: Guadalupe | B13: =IF(IFERROR(VLOOKUP(A13,DATA_KPI!$D:$H,5,FALSE),"")="",VLOOKUP(A13,DATA_KPI_PRE!$D:$H,5,FALSE),VLOOKUP(A13,DATA_KPI!$D:$H,5,FALSE)) -> S01 | C13: =IFERROR(VLOOKUP(_xlfn.CONCAT($C$3,"_",B13,"_",$C$2,"_",Parámetros!$C$6),DATA_KPI!$A:$H,6,FALSE),0) -> 12117822 | D13: =IFERROR(VLOOKUP(_xlfn.CONCAT($D$3,"_",B13,"_",$C$2,"_",Parámetros!$C$6),DATA_KPI!A:H,6,FALSE),0) -> 11568047 | E13: =IFERROR(+(D13/C13)-1,0) -> -0.045369166 | F13: =IFERROR(VLOOKUP(_xlfn.CONCAT($D$3,"_",B13,"_",$C$2,"_",Parámetros!$C$6),DATA_KPI_PRE!$A:$F,6,FALSE),0) -> 13694109 | G13: =IFERROR(+(D13/F13)-1,0) -> -0.1552538 | I13: =IFERROR(VLOOKUP(_xlfn.CONCAT($I$3,"_",B13,"_",$I$2,"_",Parámetros!$C$6),DATA_KPI!$A:$H,6,FALSE),0) -> 5642972.6 | J13: =IFERROR(VLOOKUP(_xlfn.CONCAT($J$3,"_",B13,"_",$I$2,"_",Parámetros!$C$6),DATA_KPI!$A:$H,6,FALSE),0) -> 6133559.1 | K13: =IFERROR(+(J13/I13)-1,0) -> 0.08693761 | L13: =IFERROR(VLOOKUP(_xlfn.CONCAT($J$3,"_",B13,"_",$I$2,"_",Parámetros!$C$6),DATA_KPI_PRE!A:F,6,FALSE),0) -> 5894147.9 | M13: =IFERROR(+(J13/L13)-1,0) -> 0.040618454 | O13: =IFERROR(VLOOKUP(_xlfn.CONCAT($O$3,"_",B13,"_",$O$2,"_",Parámetros!$C$6),DATA_KPI!$A:$H,6,FALSE),0) -> 875267.69 | P13: =IFERROR(VLOOKUP(_xlfn.CONCAT($P$3,"_",B13,"_",$O$2,"_",Parámetros!$C$6),DATA_KPI!$A:$H,6,FALSE),0) -> 567968.84 | Q13: =IFERROR(+(P13/O13)-1,0) -> -0.35109128 | R13: =IFERROR(VLOOKUP(_xlfn.CONCAT($P$3,"_",B13,"_",$O$2,"_",Parámetros!$C$6),DATA_KPI_PRE!A:F,6,FALSE),0) -> 865488.09 | S13: =IFERROR(+(P13/R13)-1,0) -> -0.34375892 | U13: =IFERROR(VLOOKUP(_xlfn.CONCAT($U$3,"_",B13,"_",$U$2,"_",Parámetros!$C$6),DATA_KPI!$A:$H,6,FALSE),0) -> 688973.85 | V13: =IFERROR(VLOOKUP(_xlfn.CONCAT($V$3,"_",B13,"_",$U$2,"_",Parámetros!$C$6),DATA_KPI!$A:$H,6,FALSE),0) -> 690329.44 | W13: =IFERROR(+(V13/U13)-1,0) -> 0.0019675493 | X13: =IFERROR(VLOOKUP(_xlfn.CONCAT($V$3,"_",B13,"_",$U$2,"_",Parámetros!$C$6),DATA_KPI_PRE!A:F,6,FALSE),0) -> 774140.85 | Y13: =IFERROR(+(V13/X13)-1,0) -> -0.10826378 | AA13: =IFERROR(VLOOKUP(_xlfn.CONCAT($AA$3,"_",B13,"_",$AA$2,"_",Parámetros!$C$6),DATA_KPI!$A:$H,6,FALSE),0) -> 880011.86 | AB13: =IFERROR(VLOOKUP(_xlfn.CONCAT($AB$3,"_",B13,"_",$AA$2,"_",Parámetros!$C$6),DATA_KPI!$A:$H,6,FALSE),0) -> 606507.33 | AC13: =IFERROR(+(AB13/AA13)-1,0) -> -0.31079641 | AD13: =IFERROR(VLOOKUP(_xlfn.CONCAT($AB$3,"_",B13,"_",$AA$2,"_",Parámetros!$C$6),DATA_KPI_PRE!A:F,6,FALSE),0) -> 1332466.5 | AE13: =IFERROR(+(AB13/AD13)-1,0) -> -0.54482357 | AG13: =IFERROR(VLOOKUP(_xlfn.CONCAT($AG$3,"_",B13,"_",$AG$2,"_",Parámetros!$C$6),DATA_KPI!$A:$H,6,FALSE),0) -> 3967119.2 | AH13: =IFERROR(VLOOKUP(_xlfn.CONCAT($AH$3,"_",B13,"_",$AG$2,"_",Parámetros!$C$6),DATA_KPI!$A:$H,6,FALSE),0) -> 3512606.6 | AI13: =IFERROR(+(AH13/AG13)-1,0) -> -0.11456992 | AJ13: =IFERROR(VLOOKUP(_xlfn.CONCAT($AH$3,"_",B13,"_",$AG$2,"_",Parámetros!$C$6),DATA_KPI_PRE!A:F,6,FALSE),0) -> 4699120.7 | AK13: =IFERROR(+(AH13/AJ13)-1,0) -> -0.25249704 | AM13: =IFERROR(VLOOKUP(_xlfn.CONCAT($AM$3,"_",B13,"_",$AM$2,"_",Parámetros!$C$6),DATA_KPI!$A:$H,6,FALSE),0) -> 63476.94 | AN13: =IFERROR(VLOOKUP(_xlfn.CONCAT($AN$3,"_",B13,"_",$AM$2,"_",Parámetros!$C$6),DATA_KPI!$A:$H,6,FALSE),0) -> 57075.23 | AO13: =IFERROR(+AN13/AM13,0) -> 0.89914905 | AP13: =IFERROR(VLOOKUP(_xlfn.CONCAT($AN$3,"_",B13,"_",$AM$2,"_",Parámetros!$C$6),DATA_KPI_PRE!A:F,6,FALSE),0) -> 128745.02 | AQ13: =IFERROR(+(AN13/AP13)-1,0) -> -0.55668008 | AS13: =J13/D13 -> 0.53021563 | AT13: =P13/D13 -> 0.049098077 | AU13: =V13/D13 -> 0.059675541 | AV13: =AB13/D13 -> 0.052429537 | AW13: =AH13/D13 -> 0.30364734 | AX13: =AN13/D13 -> 0.0049338693 | AY13: =SUM(AS13:AX13) -> 1
A14: Heredia | B14: =IF(IFERROR(VLOOKUP(A14,DATA_KPI!$D:$H,5,FALSE),"")="",VLOOKUP(A14,DATA_KPI_PRE!$D:$H,5,FALSE),VLOOKUP(A14,DATA_KPI!$D:$H,5,FALSE)) -> S13 | C14: =IFERROR(VLOOKUP(_xlfn.CONCAT($C$3,"_",B14,"_",$C$2,"_",Parámetros!$C$6),DATA_KPI!$A:$H,6,FALSE),0) -> 14434485 | D14: =IFERROR(VLOOKUP(_xlfn.CONCAT($D$3,"_",B14,"_",$C$2,"_",Parámetros!$C$6),DATA_KPI!A:H,6,FALSE),0) -> 13567277 | E14: =IFERROR(+(D14/C14)-1,0) -> -0.060078883 | F14: =IFERROR(VLOOKUP(_xlfn.CONCAT($D$3,"_",B14,"_",$C$2,"_",Parámetros!$C$6),DATA_KPI_PRE!$A:$F,6,FALSE),0) -> 14445055 | G14: =IFERROR(+(D14/F14)-1,0) -> -0.060766701 | I14: =IFERROR(VLOOKUP(_xlfn.CONCAT($I$3,"_",B14,"_",$I$2,"_",Parámetros!$C$6),DATA_KPI!$A:$H,6,FALSE),0) -> 6589035 | J14: =IFERROR(VLOOKUP(_xlfn.CONCAT($J$3,"_",B14,"_",$I$2,"_",Parámetros!$C$6),DATA_KPI!$A:$H,6,FALSE),0) -> 5309996.9 | K14: =IFERROR(+(J14/I14)-1,0) -> -0.19411615 | L14: =IFERROR(VLOOKUP(_xlfn.CONCAT($J$3,"_",B14,"_",$I$2,"_",Parámetros!$C$6),DATA_KPI_PRE!A:F,6,FALSE),0) -> 6674564.2 | M14: =IFERROR(+(J14/L14)-1,0) -> -0.2044429 | O14: =IFERROR(VLOOKUP(_xlfn.CONCAT($O$3,"_",B14,"_",$O$2,"_",Parámetros!$C$6),DATA_KPI!$A:$H,6,FALSE),0) -> 770192.54 | P14: =IFERROR(VLOOKUP(_xlfn.CONCAT($P$3,"_",B14,"_",$O$2,"_",Parámetros!$C$6),DATA_KPI!$A:$H,6,FALSE),0) -> 1202525.4 | Q14: =IFERROR(+(P14/O14)-1,0) -> 0.56133091 | R14: =IFERROR(VLOOKUP(_xlfn.CONCAT($P$3,"_",B14,"_",$O$2,"_",Parámetros!$C$6),DATA_KPI_PRE!A:F,6,FALSE),0) -> 570090.33 | S14: =IFERROR(+(P14/R14)-1,0) -> 1.1093594 | U14: =IFERROR(VLOOKUP(_xlfn.CONCAT($U$3,"_",B14,"_",$U$2,"_",Parámetros!$C$6),DATA_KPI!$A:$H,6,FALSE),0) -> 156716.84 | V14: =IFERROR(VLOOKUP(_xlfn.CONCAT($V$3,"_",B14,"_",$U$2,"_",Parámetros!$C$6),DATA_KPI!$A:$H,6,FALSE),0) -> 698858.71 | W14: =IFERROR(+(V14/U14)-1,0) -> 3.4593721 | X14: =IFERROR(VLOOKUP(_xlfn.CONCAT($V$3,"_",B14,"_",$U$2,"_",Parámetros!$C$6),DATA_KPI_PRE!A:F,6,FALSE),0) -> 340125.19 | Y14: =IFERROR(+(V14/X14)-1,0) -> 1.0547102 | AA14: =IFERROR(VLOOKUP(_xlfn.CONCAT($AA$3,"_",B14,"_",$AA$2,"_",Parámetros!$C$6),DATA_KPI!$A:$H,6,FALSE),0) -> 628834.94 | AB14: =IFERROR(VLOOKUP(_xlfn.CONCAT($AB$3,"_",B14,"_",$AA$2,"_",Parámetros!$C$6),DATA_KPI!$A:$H,6,FALSE),0) -> 319495.66 | AC14: =IFERROR(+(AB14/AA14)-1,0) -> -0.49192445 | AD14: =IFERROR(VLOOKUP(_xlfn.CONCAT($AB$3,"_",B14,"_",$AA$2,"_",Parámetros!$C$6),DATA_KPI_PRE!A:F,6,FALSE),0) -> 602978.82 | AE14: =IFERROR(+(AB14/AD14)-1,0) -> -0.47013784 | AG14: =IFERROR(VLOOKUP(_xlfn.CONCAT($AG$3,"_",B14,"_",$AG$2,"_",Parámetros!$C$6),DATA_KPI!$A:$H,6,FALSE),0) -> 6272369.1 | AH14: =IFERROR(VLOOKUP(_xlfn.CONCAT($AH$3,"_",B14,"_",$AG$2,"_",Parámetros!$C$6),DATA_KPI!$A:$H,6,FALSE),0) -> 5944630.8 | AI14: =IFERROR(+(AH14/AG14)-1,0) -> -0.052251118 | AJ14: =IFERROR(VLOOKUP(_xlfn.CONCAT($AH$3,"_",B14,"_",$AG$2,"_",Parámetros!$C$6),DATA_KPI_PRE!A:F,6,FALSE),0) -> 6238807.7 | AK14: =IFERROR(+(AH14/AJ14)-1,0) -> -0.047152742 | AM14: =IFERROR(VLOOKUP(_xlfn.CONCAT($AM$3,"_",B14,"_",$AM$2,"_",Parámetros!$C$6),DATA_KPI!$A:$H,6,FALSE),0) -> 17336.28 | AN14: =IFERROR(VLOOKUP(_xlfn.CONCAT($AN$3,"_",B14,"_",$AM$2,"_",Parámetros!$C$6),DATA_KPI!$A:$H,6,FALSE),0) -> 91769.47 | AO14: =IFERROR(+AN14/AM14,0) -> 5.2934926 | AP14: =IFERROR(VLOOKUP(_xlfn.CONCAT($AN$3,"_",B14,"_",$AM$2,"_",Parámetros!$C$6),DATA_KPI_PRE!A:F,6,FALSE),0) -> 18489.1 | AQ14: =IFERROR(+(AN14/AP14)-1,0) -> 3.9634363 | AS14: =J14/D14 -> 0.39138265 | AT14: =P14/D14 -> 0.08863425 | AU14: =V14/D14 -> 0.05151061 | AV14: =AB14/D14 -> 0.023548989 | AW14: =AH14/D14 -> 0.43815947 | AX14: =AN14/D14 -> 0.0067640301 | AY14: =SUM(AS14:AX14) -> 1
A15: Lincoln | B15: =IF(IFERROR(VLOOKUP(A15,DATA_KPI!$D:$H,5,FALSE),"")="",VLOOKUP(A15,DATA_KPI_PRE!$D:$H,5,FALSE),VLOOKUP(A15,DATA_KPI!$D:$H,5,FALSE)) -> S32 | C15: =IFERROR(VLOOKUP(_xlfn.CONCAT($C$3,"_",B15,"_",$C$2,"_",Parámetros!$C$6),DATA_KPI!$A:$H,6,FALSE),0) -> 15957425 | D15: =IFERROR(VLOOKUP(_xlfn.CONCAT($D$3,"_",B15,"_",$C$2,"_",Parámetros!$C$6),DATA_KPI!A:H,6,FALSE),0) -> 15917707 | E15: =IFERROR(+(D15/C15)-1,0) -> -0.0024889886 | F15: =IFERROR(VLOOKUP(_xlfn.CONCAT($D$3,"_",B15,"_",$C$2,"_",Parámetros!$C$6),DATA_KPI_PRE!$A:$F,6,FALSE),0) -> 15968373 | G15: =IFERROR(+(D15/F15)-1,0) -> -0.0031728493 | I15: =IFERROR(VLOOKUP(_xlfn.CONCAT($I$3,"_",B15,"_",$I$2,"_",Parámetros!$C$6),DATA_KPI!$A:$H,6,FALSE),0) -> 13081281 | J15: =IFERROR(VLOOKUP(_xlfn.CONCAT($J$3,"_",B15,"_",$I$2,"_",Parámetros!$C$6),DATA_KPI!$A:$H,6,FALSE),0) -> 12959948 | K15: =IFERROR(+(J15/I15)-1,0) -> -0.0092752798 | L15: =IFERROR(VLOOKUP(_xlfn.CONCAT($J$3,"_",B15,"_",$I$2,"_",Parámetros!$C$6),DATA_KPI_PRE!A:F,6,FALSE),0) -> 13030921 | M15: =IFERROR(+(J15/L15)-1,0) -> -0.0054464571 | O15: =IFERROR(VLOOKUP(_xlfn.CONCAT($O$3,"_",B15,"_",$O$2,"_",Parámetros!$C$6),DATA_KPI!$A:$H,6,FALSE),0) -> 513531.23 | P15: =IFERROR(VLOOKUP(_xlfn.CONCAT($P$3,"_",B15,"_",$O$2,"_",Parámetros!$C$6),DATA_KPI!$A:$H,6,FALSE),0) -> 340772.56 | Q15: =IFERROR(+(P15/O15)-1,0) -> -0.33641317 | R15: =IFERROR(VLOOKUP(_xlfn.CONCAT($P$3,"_",B15,"_",$O$2,"_",Parámetros!$C$6),DATA_KPI_PRE!A:F,6,FALSE),0) -> 619333.61 | S15: =IFERROR(+(P15/R15)-1,0) -> -0.44977545 | U15: =IFERROR(VLOOKUP(_xlfn.CONCAT($U$3,"_",B15,"_",$U$2,"_",Parámetros!$C$6),DATA_KPI!$A:$H,6,FALSE),0) -> 0 | V15: =IFERROR(VLOOKUP(_xlfn.CONCAT($V$3,"_",B15,"_",$U$2,"_",Parámetros!$C$6),DATA_KPI!$A:$H,6,FALSE),0) -> 0 | W15: =IFERROR(+(V15/U15)-1,0) -> 0 | X15: =IFERROR(VLOOKUP(_xlfn.CONCAT($V$3,"_",B15,"_",$U$2,"_",Parámetros!$C$6),DATA_KPI_PRE!A:F,6,FALSE),0) -> 0 | Y15: =IFERROR(+(V15/X15)-1,0) -> 0 | AA15: =IFERROR(VLOOKUP(_xlfn.CONCAT($AA$3,"_",B15,"_",$AA$2,"_",Parámetros!$C$6),DATA_KPI!$A:$H,6,FALSE),0) -> 0 | AB15: =IFERROR(VLOOKUP(_xlfn.CONCAT($AB$3,"_",B15,"_",$AA$2,"_",Parámetros!$C$6),DATA_KPI!$A:$H,6,FALSE),0) -> 0 | AC15: =IFERROR(+(AB15/AA15)-1,0) -> 0 | AD15: =IFERROR(VLOOKUP(_xlfn.CONCAT($AB$3,"_",B15,"_",$AA$2,"_",Parámetros!$C$6),DATA_KPI_PRE!A:F,6,FALSE),0) -> 0 | AE15: =IFERROR(+(AB15/AD15)-1,0) -> 0 | AG15: =IFERROR(VLOOKUP(_xlfn.CONCAT($AG$3,"_",B15,"_",$AG$2,"_",Parámetros!$C$6),DATA_KPI!$A:$H,6,FALSE),0) -> 2362613.2 | AH15: =IFERROR(VLOOKUP(_xlfn.CONCAT($AH$3,"_",B15,"_",$AG$2,"_",Parámetros!$C$6),DATA_KPI!$A:$H,6,FALSE),0) -> 2616986.6 | AI15: =IFERROR(+(AH15/AG15)-1,0) -> 0.1076661 | AJ15: =IFERROR(VLOOKUP(_xlfn.CONCAT($AH$3,"_",B15,"_",$AG$2,"_",Parámetros!$C$6),DATA_KPI_PRE!A:F,6,FALSE),0) -> 2318118.4 | AK15: =IFERROR(+(AH15/AJ15)-1,0) -> 0.12892705 | AM15: =IFERROR(VLOOKUP(_xlfn.CONCAT($AM$3,"_",B15,"_",$AM$2,"_",Parámetros!$C$6),DATA_KPI!$A:$H,6,FALSE),0) -> 0 | AN15: =IFERROR(VLOOKUP(_xlfn.CONCAT($AN$3,"_",B15,"_",$AM$2,"_",Parámetros!$C$6),DATA_KPI!$A:$H,6,FALSE),0) -> 0 | AO15: =IFERROR(+AN15/AM15,0) -> 0 | AP15: =IFERROR(VLOOKUP(_xlfn.CONCAT($AN$3,"_",B15,"_",$AM$2,"_",Parámetros!$C$6),DATA_KPI_PRE!A:F,6,FALSE),0) -> 0 | AQ15: =IFERROR(+(AN15/AP15)-1,0) -> 0 | AS15: =J15/D15 -> 0.81418435 | AT15: =P15/D15 -> 0.021408394 | AU15: =V15/D15 -> 0 | AV15: =AB15/D15 -> 0 | AW15: =AH15/D15 -> 0.16440725 | AX15: =AN15/D15 -> 0 | AY15: =SUM(AS15:AX15) -> 1
A16: Multiplaza del Este | B16: =IF(IFERROR(VLOOKUP(A16,DATA_KPI!$D:$H,5,FALSE),"")="",VLOOKUP(A16,DATA_KPI_PRE!$D:$H,5,FALSE),VLOOKUP(A16,DATA_KPI!$D:$H,5,FALSE)) -> S31 | C16: =IFERROR(VLOOKUP(_xlfn.CONCAT($C$3,"_",B16,"_",$C$2,"_",Parámetros!$C$6),DATA_KPI!$A:$H,6,FALSE),0) -> 26637318 | D16: =IFERROR(VLOOKUP(_xlfn.CONCAT($D$3,"_",B16,"_",$C$2,"_",Parámetros!$C$6),DATA_KPI!A:H,6,FALSE),0) -> 22481850 | E16: =IFERROR(+(D16/C16)-1,0) -> -0.15600174 | F16: =IFERROR(VLOOKUP(_xlfn.CONCAT($D$3,"_",B16,"_",$C$2,"_",Parámetros!$C$6),DATA_KPI_PRE!$A:$F,6,FALSE),0) -> 25133112 | G16: =IFERROR(+(D16/F16)-1,0) -> -0.10548879 | I16: =IFERROR(VLOOKUP(_xlfn.CONCAT($I$3,"_",B16,"_",$I$2,"_",Parámetros!$C$6),DATA_KPI!$A:$H,6,FALSE),0) -> 24086027 | J16: =IFERROR(VLOOKUP(_xlfn.CONCAT($J$3,"_",B16,"_",$I$2,"_",Parámetros!$C$6),DATA_KPI!$A:$H,6,FALSE),0) -> 20186948 | K16: =IFERROR(+(J16/I16)-1,0) -> -0.16188136 | L16: =IFERROR(VLOOKUP(_xlfn.CONCAT($J$3,"_",B16,"_",$I$2,"_",Parámetros!$C$6),DATA_KPI_PRE!A:F,6,FALSE),0) -> 22056560 | M16: =IFERROR(+(J16/L16)-1,0) -> -0.084764414 | O16: =IFERROR(VLOOKUP(_xlfn.CONCAT($O$3,"_",B16,"_",$O$2,"_",Parámetros!$C$6),DATA_KPI!$A:$H,6,FALSE),0) -> 1000616.7 | P16: =IFERROR(VLOOKUP(_xlfn.CONCAT($P$3,"_",B16,"_",$O$2,"_",Parámetros!$C$6),DATA_KPI!$A:$H,6,FALSE),0) -> 603661.88 | Q16: =IFERROR(+(P16/O16)-1,0) -> -0.39671019 | R16: =IFERROR(VLOOKUP(_xlfn.CONCAT($P$3,"_",B16,"_",$O$2,"_",Parámetros!$C$6),DATA_KPI_PRE!A:F,6,FALSE),0) -> 1210923.7 | S16: =IFERROR(+(P16/R16)-1,0) -> -0.50148646 | U16: =IFERROR(VLOOKUP(_xlfn.CONCAT($U$3,"_",B16,"_",$U$2,"_",Parámetros!$C$6),DATA_KPI!$A:$H,6,FALSE),0) -> 0 | V16: =IFERROR(VLOOKUP(_xlfn.CONCAT($V$3,"_",B16,"_",$U$2,"_",Parámetros!$C$6),DATA_KPI!$A:$H,6,FALSE),0) -> 0 | W16: =IFERROR(+(V16/U16)-1,0) -> 0 | X16: =IFERROR(VLOOKUP(_xlfn.CONCAT($V$3,"_",B16,"_",$U$2,"_",Parámetros!$C$6),DATA_KPI_PRE!A:F,6,FALSE),0) -> 0 | Y16: =IFERROR(+(V16/X16)-1,0) -> 0 | AA16: =IFERROR(VLOOKUP(_xlfn.CONCAT($AA$3,"_",B16,"_",$AA$2,"_",Parámetros!$C$6),DATA_KPI!$A:$H,6,FALSE),0) -> 0 | AB16: =IFERROR(VLOOKUP(_xlfn.CONCAT($AB$3,"_",B16,"_",$AA$2,"_",Parámetros!$C$6),DATA_KPI!$A:$H,6,FALSE),0) -> 0 | AC16: =IFERROR(+(AB16/AA16)-1,0) -> 0 | AD16: =IFERROR(VLOOKUP(_xlfn.CONCAT($AB$3,"_",B16,"_",$AA$2,"_",Parámetros!$C$6),DATA_KPI_PRE!A:F,6,FALSE),0) -> 0 | AE16: =IFERROR(+(AB16/AD16)-1,0) -> 0 | AG16: =IFERROR(VLOOKUP(_xlfn.CONCAT($AG$3,"_",B16,"_",$AG$2,"_",Parámetros!$C$6),DATA_KPI!$A:$H,6,FALSE),0) -> 1550674.8 | AH16: =IFERROR(VLOOKUP(_xlfn.CONCAT($AH$3,"_",B16,"_",$AG$2,"_",Parámetros!$C$6),DATA_KPI!$A:$H,6,FALSE),0) -> 1691240.3 | AI16: =IFERROR(+(AH16/AG16)-1,0) -> 0.090647968 | AJ16: =IFERROR(VLOOKUP(_xlfn.CONCAT($AH$3,"_",B16,"_",$AG$2,"_",Parámetros!$C$6),DATA_KPI_PRE!A:F,6,FALSE),0) -> 1865628.8 | AK16: =IFERROR(+(AH16/AJ16)-1,0) -> -0.093474342 | AM16: =IFERROR(VLOOKUP(_xlfn.CONCAT($AM$3,"_",B16,"_",$AM$2,"_",Parámetros!$C$6),DATA_KPI!$A:$H,6,FALSE),0) -> 0 | AN16: =IFERROR(VLOOKUP(_xlfn.CONCAT($AN$3,"_",B16,"_",$AM$2,"_",Parámetros!$C$6),DATA_KPI!$A:$H,6,FALSE),0) -> 0 | AO16: =IFERROR(+AN16/AM16,0) -> 0 | AP16: =IFERROR(VLOOKUP(_xlfn.CONCAT($AN$3,"_",B16,"_",$AM$2,"_",Parámetros!$C$6),DATA_KPI_PRE!A:F,6,FALSE),0) -> 0 | AQ16: =IFERROR(+(AN16/AP16)-1,0) -> 0 | AS16: =J16/D16 -> 0.89792201 | AT16: =P16/D16 -> 0.026851076 | AU16: =V16/D16 -> 0 | AV16: =AB16/D16 -> 0 | AW16: =AH16/D16 -> 0.075226919 | AX16: =AN16/D16 -> 0 | AY16: =SUM(AS16:AX16) -> 1
A17: Multiplaza Escazú | B17: =IF(IFERROR(VLOOKUP(A17,DATA_KPI!$D:$H,5,FALSE),"")="",VLOOKUP(A17,DATA_KPI_PRE!$D:$H,5,FALSE),VLOOKUP(A17,DATA_KPI!$D:$H,5,FALSE)) -> S06 | C17: =IFERROR(VLOOKUP(_xlfn.CONCAT($C$3,"_",B17,"_",$C$2,"_",Parámetros!$C$6),DATA_KPI!$A:$H,6,FALSE),0) -> 29035379 | D17: =IFERROR(VLOOKUP(_xlfn.CONCAT($D$3,"_",B17,"_",$C$2,"_",Parámetros!$C$6),DATA_KPI!A:H,6,FALSE),0) -> 28552513 | E17: =IFERROR(+(D17/C17)-1,0) -> -0.016630254 | F17: =IFERROR(VLOOKUP(_xlfn.CONCAT($D$3,"_",B17,"_",$C$2,"_",Parámetros!$C$6),DATA_KPI_PRE!$A:$F,6,FALSE),0) -> 28501963 | G17: =IFERROR(+(D17/F17)-1,0) -> 0.0017735669 | I17: =IFERROR(VLOOKUP(_xlfn.CONCAT($I$3,"_",B17,"_",$I$2,"_",Parámetros!$C$6),DATA_KPI!$A:$H,6,FALSE),0) -> 26943837 | J17: =IFERROR(VLOOKUP(_xlfn.CONCAT($J$3,"_",B17,"_",$I$2,"_",Parámetros!$C$6),DATA_KPI!$A:$H,6,FALSE),0) -> 26519643 | K17: =IFERROR(+(J17/I17)-1,0) -> -0.015743641 | L17: =IFERROR(VLOOKUP(_xlfn.CONCAT($J$3,"_",B17,"_",$I$2,"_",Parámetros!$C$6),DATA_KPI_PRE!A:F,6,FALSE),0) -> 26010396 | M17: =IFERROR(+(J17/L17)-1,0) -> 0.019578588 | O17: =IFERROR(VLOOKUP(_xlfn.CONCAT($O$3,"_",B17,"_",$O$2,"_",Parámetros!$C$6),DATA_KPI!$A:$H,6,FALSE),0) -> 686813.73 | P17: =IFERROR(VLOOKUP(_xlfn.CONCAT($P$3,"_",B17,"_",$O$2,"_",Parámetros!$C$6),DATA_KPI!$A:$H,6,FALSE),0) -> 353978.23 | Q17: =IFERROR(+(P17/O17)-1,0) -> -0.4846081 | R17: =IFERROR(VLOOKUP(_xlfn.CONCAT($P$3,"_",B17,"_",$O$2,"_",Parámetros!$C$6),DATA_KPI_PRE!A:F,6,FALSE),0) -> 976033.84 | S17: =IFERROR(+(P17/R17)-1,0) -> -0.63732996 | U17: =IFERROR(VLOOKUP(_xlfn.CONCAT($U$3,"_",B17,"_",$U$2,"_",Parámetros!$C$6),DATA_KPI!$A:$H,6,FALSE),0) -> 0 | V17: =IFERROR(VLOOKUP(_xlfn.CONCAT($V$3,"_",B17,"_",$U$2,"_",Parámetros!$C$6),DATA_KPI!$A:$H,6,FALSE),0) -> 0 | W17: =IFERROR(+(V17/U17)-1,0) -> 0 | X17: =IFERROR(VLOOKUP(_xlfn.CONCAT($V$3,"_",B17,"_",$U$2,"_",Parámetros!$C$6),DATA_KPI_PRE!A:F,6,FALSE),0) -> 0 | Y17: =IFERROR(+(V17/X17)-1,0) -> 0 | AA17: =IFERROR(VLOOKUP(_xlfn.CONCAT($AA$3,"_",B17,"_",$AA$2,"_",Parámetros!$C$6),DATA_KPI!$A:$H,6,FALSE),0) -> 0 | AB17: =IFERROR(VLOOKUP(_xlfn.CONCAT($AB$3,"_",B17,"_",$AA$2,"_",Parámetros!$C$6),DATA_KPI!$A:$H,6,FALSE),0) -> 0 | AC17: =IFERROR(+(AB17/AA17)-1,0) -> 0 | AD17: =IFERROR(VLOOKUP(_xlfn.CONCAT($AB$3,"_",B17,"_",$AA$2,"_",Parámetros!$C$6),DATA_KPI_PRE!A:F,6,FALSE),0) -> 0 | AE17: =IFERROR(+(AB17/AD17)-1,0) -> 0 | AG17: =IFERROR(VLOOKUP(_xlfn.CONCAT($AG$3,"_",B17,"_",$AG$2,"_",Parámetros!$C$6),DATA_KPI!$A:$H,6,FALSE),0) -> 1404727.9 | AH17: =IFERROR(VLOOKUP(_xlfn.CONCAT($AH$3,"_",B17,"_",$AG$2,"_",Parámetros!$C$6),DATA_KPI!$A:$H,6,FALSE),0) -> 1678891.8 | AI17: =IFERROR(+(AH17/AG17)-1,0) -> 0.19517221 | AJ17: =IFERROR(VLOOKUP(_xlfn.CONCAT($AH$3,"_",B17,"_",$AG$2,"_",Parámetros!$C$6),DATA_KPI_PRE!A:F,6,FALSE),0) -> 1515532.9 | AK17: =IFERROR(+(AH17/AJ17)-1,0) -> 0.10778974 | AM17: =IFERROR(VLOOKUP(_xlfn.CONCAT($AM$3,"_",B17,"_",$AM$2,"_",Parámetros!$C$6),DATA_KPI!$A:$H,6,FALSE),0) -> 0 | AN17: =IFERROR(VLOOKUP(_xlfn.CONCAT($AN$3,"_",B17,"_",$AM$2,"_",Parámetros!$C$6),DATA_KPI!$A:$H,6,FALSE),0) -> 0 | AO17: =IFERROR(+AN17/AM17,0) -> 0 | AP17: =IFERROR(VLOOKUP(_xlfn.CONCAT($AN$3,"_",B17,"_",$AM$2,"_",Parámetros!$C$6),DATA_KPI_PRE!A:F,6,FALSE),0) -> 0 | AQ17: =IFERROR(+(AN17/AP17)-1,0) -> 0 | AS17: =J17/D17 -> 0.92880241 | AT17: =P17/D17 -> 0.012397446 | AU17: =V17/D17 -> 0 | AV17: =AB17/D17 -> 0 | AW17: =AH17/D17 -> 0.05880014 | AX17: =AN17/D17 -> 0 | AY17: =SUM(AS17:AX17) -> 1
... A20: Pinares | B20: =IF(IFERROR(VLOOKUP(A20,DATA_KPI!$D:$H,5,FALSE),"")="",VLOOKUP(A20,DATA_KPI_PRE!$D:$H,5,FALSE),VLOOKUP(A20,DATA_KPI!$D:$H,5,FALSE)) -> S67 | C20: =IFERROR(VLOOKUP(_xlfn.CONCAT($C$3,"_",B20,"_",$C$2,"_",Parámetros!$C$6),DATA_KPI!$A:$H,6,FALSE),0) -> 19320580 | D20: =IFERROR(VLOOKUP(_xlfn.CONCAT($D$3,"_",B20,"_",$C$2,"_",Parámetros!$C$6),DATA_KPI!A:H,6,FALSE),0) -> 18079547 | E20: =IFERROR(+(D20/C20)-1,0) -> -0.064233693 | F20: =IFERROR(VLOOKUP(_xlfn.CONCAT($D$3,"_",B20,"_",$C$2,"_",Parámetros!$C$6),DATA_KPI_PRE!$A:$F,6,FALSE),0) -> 18041672 | G20: =IFERROR(+(D20/F20)-1,0) -> 0.0020993289 | I20: =IFERROR(VLOOKUP(_xlfn.CONCAT($I$3,"_",B20,"_",$I$2,"_",Parámetros!$C$6),DATA_KPI!$A:$H,6,FALSE),0) -> 10013003 | J20: =IFERROR(VLOOKUP(_xlfn.CONCAT($J$3,"_",B20,"_",$I$2,"_",Parámetros!$C$6),DATA_KPI!$A:$H,6,FALSE),0) -> 9468990.5 | K20: =IFERROR(+(J20/I20)-1,0) -> -0.054330588 | L20: =IFERROR(VLOOKUP(_xlfn.CONCAT($J$3,"_",B20,"_",$I$2,"_",Parámetros!$C$6),DATA_KPI_PRE!A:F,6,FALSE),0) -> 9191050 | M20: =IFERROR(+(J20/L20)-1,0) -> 0.030240349 | O20: =IFERROR(VLOOKUP(_xlfn.CONCAT($O$3,"_",B20,"_",$O$2,"_",Parámetros!$C$6),DATA_KPI!$A:$H,6,FALSE),0) -> 1385450.6 | P20: =IFERROR(VLOOKUP(_xlfn.CONCAT($P$3,"_",B20,"_",$O$2,"_",Parámetros!$C$6),DATA_KPI!$A:$H,6,FALSE),0) -> 1119129.9 | Q20: =IFERROR(+(P20/O20)-1,0) -> -0.1922268 | R20: =IFERROR(VLOOKUP(_xlfn.CONCAT($P$3,"_",B20,"_",$O$2,"_",Parámetros!$C$6),DATA_KPI_PRE!A:F,6,FALSE),0) -> 1421691.5 | S20: =IFERROR(+(P20/R20)-1,0) -> -0.21281808 | U20: =IFERROR(VLOOKUP(_xlfn.CONCAT($U$3,"_",B20,"_",$U$2,"_",Parámetros!$C$6),DATA_KPI!$A:$H,6,FALSE),0) -> 0 | V20: =IFERROR(VLOOKUP(_xlfn.CONCAT($V$3,"_",B20,"_",$U$2,"_",Parámetros!$C$6),DATA_KPI!$A:$H,6,FALSE),0) -> 0 | W20: =IFERROR(+(V20/U20)-1,0) -> 0 | X20: =IFERROR(VLOOKUP(_xlfn.CONCAT($V$3,"_",B20,"_",$U$2,"_",Parámetros!$C$6),DATA_KPI_PRE!A:F,6,FALSE),0) -> 0 | Y20: =IFERROR(+(V20/X20)-1,0) -> 0 | AA20: =IFERROR(VLOOKUP(_xlfn.CONCAT($AA$3,"_",B20,"_",$AA$2,"_",Parámetros!$C$6),DATA_KPI!$A:$H,6,FALSE),0) -> 392752.32 | AB20: =IFERROR(VLOOKUP(_xlfn.CONCAT($AB$3,"_",B20,"_",$AA$2,"_",Parámetros!$C$6),DATA_KPI!$A:$H,6,FALSE),0) -> 257604.52 | AC20: =IFERROR(+(AB20/AA20)-1,0) -> -0.3441044 | AD20: =IFERROR(VLOOKUP(_xlfn.CONCAT($AB$3,"_",B20,"_",$AA$2,"_",Parámetros!$C$6),DATA_KPI_PRE!A:F,6,FALSE),0) -> 545513.09 | AE20: =IFERROR(+(AB20/AD20)-1,0) -> -0.52777573 | AG20: =IFERROR(VLOOKUP(_xlfn.CONCAT($AG$3,"_",B20,"_",$AG$2,"_",Parámetros!$C$6),DATA_KPI!$A:$H,6,FALSE),0) -> 7462701.2 | AH20: =IFERROR(VLOOKUP(_xlfn.CONCAT($AH$3,"_",B20,"_",$AG$2,"_",Parámetros!$C$6),DATA_KPI!$A:$H,6,FALSE),0) -> 7212804.7 | AI20: =IFERROR(+(AH20/AG20)-1,0) -> -0.03348606 | AJ20: =IFERROR(VLOOKUP(_xlfn.CONCAT($AH$3,"_",B20,"_",$AG$2,"_",Parámetros!$C$6),DATA_KPI_PRE!A:F,6,FALSE),0) -> 6829387.5 | AK20: =IFERROR(+(AH20/AJ20)-1,0) -> 0.056142262 | AM20: =IFERROR(VLOOKUP(_xlfn.CONCAT($AM$3,"_",B20,"_",$AM$2,"_",Parámetros!$C$6),DATA_KPI!$A:$H,6,FALSE),0) -> 66672.56 | AN20: =IFERROR(VLOOKUP(_xlfn.CONCAT($AN$3,"_",B20,"_",$AM$2,"_",Parámetros!$C$6),DATA_KPI!$A:$H,6,FALSE),0) -> 21017.71 | AO20: =IFERROR(+AN20/AM20,0) -> 0.31523778 | AP20: =IFERROR(VLOOKUP(_xlfn.CONCAT($AN$3,"_",B20,"_",$AM$2,"_",Parámetros!$C$6),DATA_KPI_PRE!A:F,6,FALSE),0) -> 54029.884 | AQ20: =IFERROR(+(AN20/AP20)-1,0) -> -0.61099842 | AS20: =J20/D20 -> 0.52374047 | AT20: =P20/D20 -> 0.061900325 | AU20: =V20/D20 -> 0 | AV20: =AB20/D20 -> 0.014248394 | AW20: =AH20/D20 -> 0.3989483 | AX20: =AN20/D20 -> 0.0011625131 | AY20: =SUM(AS20:AX20) -> 1
A21: Plaza Práktico | B21: S24 | C21: =IFERROR(VLOOKUP(_xlfn.CONCAT($C$3,"_",B21,"_",$C$2,"_",Parámetros!$C$6),DATA_KPI!$A:$H,6,FALSE),0) -> 9300473.1 | D21: =IFERROR(VLOOKUP(_xlfn.CONCAT($D$3,"_",B21,"_",$C$2,"_",Parámetros!$C$6),DATA_KPI!A:H,6,FALSE),0) -> 9776510.1 | E21: =IFERROR(+D21/C21,0) -> 1.0511842 | F21: =IFERROR(VLOOKUP(_xlfn.CONCAT($D$3,"_",B21,"_",$C$2,"_",Parámetros!$C$6),DATA_KPI_PRE!$A:$F,6,FALSE),0) -> 9996843.1 | G21: =IFERROR(+(D21/F21)-1,0) -> -0.022040257 | I21: =IFERROR(VLOOKUP(_xlfn.CONCAT($I$3,"_",B21,"_",$I$2,"_",Parámetros!$C$6),DATA_KPI!$A:$H,6,FALSE),0) -> 6590534.2 | J21: =IFERROR(VLOOKUP(_xlfn.CONCAT($J$3,"_",B21,"_",$I$2,"_",Parámetros!$C$6),DATA_KPI!$A:$H,6,FALSE),0) -> 6680235.6 | K21: =IFERROR(+J21/I21,0) -> 1.0136106 | L21: =IFERROR(VLOOKUP(_xlfn.CONCAT($J$3,"_",B21,"_",$I$2,"_",Parámetros!$C$6),DATA_KPI_PRE!A:F,6,FALSE),0) -> 7079792.2 | M21: =IFERROR(+(J21/L21)-1,0) -> -0.056436204 | O21: =IFERROR(VLOOKUP(_xlfn.CONCAT($O$3,"_",B21,"_",$O$2,"_",Parámetros!$C$6),DATA_KPI!$A:$H,6,FALSE),0) -> 551119.85 | P21: =IFERROR(VLOOKUP(_xlfn.CONCAT($P$3,"_",B21,"_",$O$2,"_",Parámetros!$C$6),DATA_KPI!$A:$H,6,FALSE),0) -> 335242.8 | Q21: =IFERROR(+P21/O21,0) -> 0.60829382 | R21: =IFERROR(VLOOKUP(_xlfn.CONCAT($P$3,"_",B21,"_",$O$2,"_",Parámetros!$C$6),DATA_KPI_PRE!A:F,6,FALSE),0) -> 559367.66 | S21: =IFERROR(+(P21/R21)-1,0) -> -0.40067539 | U21: =IFERROR(VLOOKUP(_xlfn.CONCAT($U$3,"_",B21,"_",$U$2,"_",Parámetros!$C$6),DATA_KPI!$A:$H,6,FALSE),0) -> 0 | V21: =IFERROR(VLOOKUP(_xlfn.CONCAT($V$3,"_",B21,"_",$U$2,"_",Parámetros!$C$6),DATA_KPI!$A:$H,6,FALSE),0) -> 0 | W21: =IFERROR(+V21/U21,0) -> 0 | X21: =IFERROR(VLOOKUP(_xlfn.CONCAT($V$3,"_",B21,"_",$U$2,"_",Parámetros!$C$6),DATA_KPI_PRE!A:F,6,FALSE),0) -> 0 | Y21: =IFERROR(+(V21/X21)-1,0) -> 0 | AA21: =IFERROR(VLOOKUP(_xlfn.CONCAT($AA$3,"_",B21,"_",$AA$2,"_",Parámetros!$C$6),DATA_KPI!$A:$H,6,FALSE),0) -> 12371.68 | AB21: =IFERROR(VLOOKUP(_xlfn.CONCAT($AB$3,"_",B21,"_",$AA$2,"_",Parámetros!$C$6),DATA_KPI!$A:$H,6,FALSE),0) -> 0 | AC21: =IFERROR(+AB21/AA21,0) -> 0 | AD21: =IFERROR(VLOOKUP(_xlfn.CONCAT($AB$3,"_",B21,"_",$AA$2,"_",Parámetros!$C$6),DATA_KPI_PRE!A:F,6,FALSE),0) -> 0 | AE21: =IFERROR(+(AB21/AD21)-1,0) -> 0 | AG21: =IFERROR(VLOOKUP(_xlfn.CONCAT($AG$3,"_",B21,"_",$AG$2,"_",Parámetros!$C$6),DATA_KPI!$A:$H,6,FALSE),0) -> 2146447.4 | AH21: =IFERROR(VLOOKUP(_xlfn.CONCAT($AH$3,"_",B21,"_",$AG$2,"_",Parámetros!$C$6),DATA_KPI!$A:$H,6,FALSE),0) -> 2761031.7 | AI21: =IFERROR(+AH21/AG21,0) -> 1.2863263 | AJ21: =IFERROR(VLOOKUP(_xlfn.CONCAT($AH$3,"_",B21,"_",$AG$2,"_",Parámetros!$C$6),DATA_KPI_PRE!A:F,6,FALSE),0) -> 2357683.2 | AK21: =IFERROR(+(AH21/AJ21)-1,0) -> 0.17107831 | AM21: =IFERROR(VLOOKUP(_xlfn.CONCAT($AM$3,"_",B21,"_",$AM$2,"_",Parámetros!$C$6),DATA_KPI!$A:$H,6,FALSE),0) -> 0 | AN21: =IFERROR(VLOOKUP(_xlfn.CONCAT($AN$3,"_",B21,"_",$AM$2,"_",Parámetros!$C$6),DATA_KPI!$A:$H,6,FALSE),0) -> 0 | AO21: =IFERROR(+AN21/AM21,0) -> 0 | AP21: =IFERROR(VLOOKUP(_xlfn.CONCAT($AN$3,"_",B21,"_",$AM$2,"_",Parámetros!$C$6),DATA_KPI_PRE!A:F,6,FALSE),0) -> 0 | AQ21: =IFERROR(+(AN21/AP21)-1,0) -> 0 | AS21: =IFERROR(J21/D21,0) -> 0.6832945 | AT21: =IFERROR(P21/D21,0) -> 0.034290641 | AU21: =IFERROR(V21/D21,0) -> 0 | AV21: =IFERROR(AB21/D21,0) -> 0 | AW21: =IFERROR(AH21/D21,0) -> 0.28241486 | AX21: =IFERROR(AN21/D21,0) -> 0 | AY21: =SUM(AS21:AX21) -> 1
A22: Real Alajuela | B22: =IF(IFERROR(VLOOKUP(A22,DATA_KPI!$D:$H,5,FALSE),"")="",VLOOKUP(A22,DATA_KPI_PRE!$D:$H,5,FALSE),VLOOKUP(A22,DATA_KPI!$D:$H,5,FALSE)) -> S39 | C22: =IFERROR(VLOOKUP(_xlfn.CONCAT($C$3,"_",B22,"_",$C$2,"_",Parámetros!$C$6),DATA_KPI!$A:$H,6,FALSE),0) -> 13723676 | D22: =IFERROR(VLOOKUP(_xlfn.CONCAT($D$3,"_",B22,"_",$C$2,"_",Parámetros!$C$6),DATA_KPI!A:H,6,FALSE),0) -> 13686424 | E22: =IFERROR(+(D22/C22)-1,0) -> -0.0027143843 | F22: =IFERROR(VLOOKUP(_xlfn.CONCAT($D$3,"_",B22,"_",$C$2,"_",Parámetros!$C$6),DATA_KPI_PRE!$A:$F,6,FALSE),0) -> 12747348 | G22: =IFERROR(+(D22/F22)-1,0) -> 0.073668383 | I22: =IFERROR(VLOOKUP(_xlfn.CONCAT($I$3,"_",B22,"_",$I$2,"_",Parámetros!$C$6),DATA_KPI!$A:$H,6,FALSE),0) -> 9520082.4 | J22: =IFERROR(VLOOKUP(_xlfn.CONCAT($J$3,"_",B22,"_",$I$2,"_",Parámetros!$C$6),DATA_KPI!$A:$H,6,FALSE),0) -> 9699979.6 | K22: =IFERROR(+(J22/I22)-1,0) -> 0.018896599 | L22: =IFERROR(VLOOKUP(_xlfn.CONCAT($J$3,"_",B22,"_",$I$2,"_",Parámetros!$C$6),DATA_KPI_PRE!A:F,6,FALSE),0) -> 9001810.6 | M22: =IFERROR(+(J22/L22)-1,0) -> 0.077558733 | O22: =IFERROR(VLOOKUP(_xlfn.CONCAT($O$3,"_",B22,"_",$O$2,"_",Parámetros!$C$6),DATA_KPI!$A:$H,6,FALSE),0) -> 875411.09 | P22: =IFERROR(VLOOKUP(_xlfn.CONCAT($P$3,"_",B22,"_",$O$2,"_",Parámetros!$C$6),DATA_KPI!$A:$H,6,FALSE),0) -> 869982.55 | Q22: =IFERROR(+(P22/O22)-1,0) -> -0.0062011323 | R22: =IFERROR(VLOOKUP(_xlfn.CONCAT($P$3,"_",B22,"_",$O$2,"_",Parámetros!$C$6),DATA_KPI_PRE!A:F,6,FALSE),0) -> 712915.55 | S22: =IFERROR(+(P22/R22)-1,0) -> 0.22031642 | U22: =IFERROR(VLOOKUP(_xlfn.CONCAT($U$3,"_",B22,"_",$U$2,"_",Parámetros!$C$6),DATA_KPI!$A:$H,6,FALSE),0) -> 0 | V22: =IFERROR(VLOOKUP(_xlfn.CONCAT($V$3,"_",B22,"_",$U$2,"_",Parámetros!$C$6),DATA_KPI!$A:$H,6,FALSE),0) -> 0 | W22: =IFERROR(+(V22/U22)-1,0) -> 0 | X22: =IFERROR(VLOOKUP(_xlfn.CONCAT($V$3,"_",B22,"_",$U$2,"_",Parámetros!$C$6),DATA_KPI_PRE!A:F,6,FALSE),0) -> 0 | Y22: =IFERROR(+(V22/X22)-1,0) -> 0 | AA22: =IFERROR(VLOOKUP(_xlfn.CONCAT($AA$3,"_",B22,"_",$AA$2,"_",Parámetros!$C$6),DATA_KPI!$A:$H,6,FALSE),0) -> 0 | AB22: =IFERROR(VLOOKUP(_xlfn.CONCAT($AB$3,"_",B22,"_",$AA$2,"_",Parámetros!$C$6),DATA_KPI!$A:$H,6,FALSE),0) -> 0 | AC22: =IFERROR(+(AB22/AA22)-1,0) -> 0 | AD22: =IFERROR(VLOOKUP(_xlfn.CONCAT($AB$3,"_",B22,"_",$AA$2,"_",Parámetros!$C$6),DATA_KPI_PRE!A:F,6,FALSE),0) -> 0 | AE22: =IFERROR(+(AB22/AD22)-1,0) -> 0 | AG22: =IFERROR(VLOOKUP(_xlfn.CONCAT($AG$3,"_",B22,"_",$AG$2,"_",Parámetros!$C$6),DATA_KPI!$A:$H,6,FALSE),0) -> 3328182.1 | AH22: =IFERROR(VLOOKUP(_xlfn.CONCAT($AH$3,"_",B22,"_",$AG$2,"_",Parámetros!$C$6),DATA_KPI!$A:$H,6,FALSE),0) -> 3116462.1 | AI22: =IFERROR(+(AH22/AG22)-1,0) -> -0.063614299 | AJ22: =IFERROR(VLOOKUP(_xlfn.CONCAT($AH$3,"_",B22,"_",$AG$2,"_",Parámetros!$C$6),DATA_KPI_PRE!A:F,6,FALSE),0) -> 3030562.1 | AK22: =IFERROR(+(AH22/AJ22)-1,0) -> 0.028344586 | AM22: =IFERROR(VLOOKUP(_xlfn.CONCAT($AM$3,"_",B22,"_",$AM$2,"_",Parámetros!$C$6),DATA_KPI!$A:$H,6,FALSE),0) -> 0 | AN22: =IFERROR(VLOOKUP(_xlfn.CONCAT($AN$3,"_",B22,"_",$AM$2,"_",Parámetros!$C$6),DATA_KPI!$A:$H,6,FALSE),0) -> 0 | AO22: =IFERROR(+AN22/AM22,0) -> 0 | AP22: =IFERROR(VLOOKUP(_xlfn.CONCAT($AN$3,"_",B22,"_",$AM$2,"_",Parámetros!$C$6),DATA_KPI_PRE!A:F,6,FALSE),0) -> 2059.5603 | AQ22: =IFERROR(+(AN22/AP22)-1,0) -> -1 | AS22: =J22/D22 -> 0.70873001 | AT22: =P22/D22 -> 0.063565365 | AU22: =V22/D22 -> 0 | AV22: =AB22/D22 -> 0 | AW22: =AH22/D22 -> 0.22770463 | AX22: =AN22/D22 -> 0 | AY22: =SUM(AS22:AX22) -> 1
A23: Real Cariari | B23: =IF(IFERROR(VLOOKUP(A23,DATA_KPI!$D:$H,5,FALSE),"")="",VLOOKUP(A23,DATA_KPI_PRE!$D:$H,5,FALSE),VLOOKUP(A23,DATA_KPI!$D:$H,5,FALSE)) -> S27 | C23: =IFERROR(VLOOKUP(_xlfn.CONCAT($C$3,"_",B23,"_",$C$2,"_",Parámetros!$C$6),DATA_KPI!$A:$H,6,FALSE),0) -> 9926730.7 | D23: =IFERROR(VLOOKUP(_xlfn.CONCAT($D$3,"_",B23,"_",$C$2,"_",Parámetros!$C$6),DATA_KPI!A:H,6,FALSE),0) -> 9337944.8 | E23: =IFERROR(+(D23/C23)-1,0) -> -0.059313173 | F23: =IFERROR(VLOOKUP(_xlfn.CONCAT($D$3,"_",B23,"_",$C$2,"_",Parámetros!$C$6),DATA_KPI_PRE!$A:$F,6,FALSE),0) -> 10484600 | G23: =IFERROR(+(D23/F23)-1,0) -> -0.10936562 | I23: =IFERROR(VLOOKUP(_xlfn.CONCAT($I$3,"_",B23,"_",$I$2,"_",Parámetros!$C$6),DATA_KPI!$A:$H,6,FALSE),0) -> 6234090.2 | J23: =IFERROR(VLOOKUP(_xlfn.CONCAT($J$3,"_",B23,"_",$I$2,"_",Parámetros!$C$6),DATA_KPI!$A:$H,6,FALSE),0) -> 6324439 | K23: =IFERROR(+(J23/I23)-1,0) -> 0.01449271 | L23: =IFERROR(VLOOKUP(_xlfn.CONCAT($J$3,"_",B23,"_",$I$2,"_",Parámetros!$C$6),DATA_KPI_PRE!A:F,6,FALSE),0) -> 6714576.6 | M23: =IFERROR(+(J23/L23)-1,0) -> -0.058103072 | O23: =IFERROR(VLOOKUP(_xlfn.CONCAT($O$3,"_",B23,"_",$O$2,"_",Parámetros!$C$6),DATA_KPI!$A:$H,6,FALSE),0) -> 163829.63 | P23: =IFERROR(VLOOKUP(_xlfn.CONCAT($P$3,"_",B23,"_",$O$2,"_",Parámetros!$C$6),DATA_KPI!$A:$H,6,FALSE),0) -> 117147.46 | Q23: =IFERROR(+(P23/O23)-1,0) -> -0.28494339 | R23: =IFERROR(VLOOKUP(_xlfn.CONCAT($P$3,"_",B23,"_",$O$2,"_",Parámetros!$C$6),DATA_KPI_PRE!A:F,6,FALSE),0) -> 109438.4 | S23: =IFERROR(+(P23/R23)-1,0) -> 0.070442024 | U23: =IFERROR(VLOOKUP(_xlfn.CONCAT($U$3,"_",B23,"_",$U$2,"_",Parámetros!$C$6),DATA_KPI!$A:$H,6,FALSE),0) -> 0 | V23: =IFERROR(VLOOKUP(_xlfn.CONCAT($V$3,"_",B23,"_",$U$2,"_",Parámetros!$C$6),DATA_KPI!$A:$H,6,FALSE),0) -> 0 | W23: =IFERROR(+(V23/U23)-1,0) -> 0 | X23: =IFERROR(VLOOKUP(_xlfn.CONCAT($V$3,"_",B23,"_",$U$2,"_",Parámetros!$C$6),DATA_KPI_PRE!A:F,6,FALSE),0) -> 0 | Y23: =IFERROR(+(V23/X23)-1,0) -> 0 | AA23: =IFERROR(VLOOKUP(_xlfn.CONCAT($AA$3,"_",B23,"_",$AA$2,"_",Parámetros!$C$6),DATA_KPI!$A:$H,6,FALSE),0) -> 265196.61 | AB23: =IFERROR(VLOOKUP(_xlfn.CONCAT($AB$3,"_",B23,"_",$AA$2,"_",Parámetros!$C$6),DATA_KPI!$A:$H,6,FALSE),0) -> 52612.42 | AC23: =IFERROR(+(AB23/AA23)-1,0) -> -0.80160976 | AD23: =IFERROR(VLOOKUP(_xlfn.CONCAT($AB$3,"_",B23,"_",$AA$2,"_",Parámetros!$C$6),DATA_KPI_PRE!A:F,6,FALSE),0) -> 199413.58 | AE23: =IFERROR(+(AB23/AD23)-1,0) -> -0.7361643 | AG23: =IFERROR(VLOOKUP(_xlfn.CONCAT($AG$3,"_",B23,"_",$AG$2,"_",Parámetros!$C$6),DATA_KPI!$A:$H,6,FALSE),0) -> 3249840 | AH23: =IFERROR(VLOOKUP(_xlfn.CONCAT($AH$3,"_",B23,"_",$AG$2,"_",Parámetros!$C$6),DATA_KPI!$A:$H,6,FALSE),0) -> 2801887.9 | AI23: =IFERROR(+(AH23/AG23)-1,0) -> -0.13783821 | AJ23: =IFERROR(VLOOKUP(_xlfn.CONCAT($AH$3,"_",B23,"_",$AG$2,"_",Parámetros!$C$6),DATA_KPI_PRE!A:F,6,FALSE),0) -> 3434765.9 | AK23: =IFERROR(+(AH23/AJ23)-1,0) -> -0.18425653 | AM23: =IFERROR(VLOOKUP(_xlfn.CONCAT($AM$3,"_",B23,"_",$AM$2,"_",Parámetros!$C$6),DATA_KPI!$A:$H,6,FALSE),0) -> 13774.34 | AN23: =IFERROR(VLOOKUP(_xlfn.CONCAT($AN$3,"_",B23,"_",$AM$2,"_",Parámetros!$C$6),DATA_KPI!$A:$H,6,FALSE),0) -> 41858.06 | AO23: =IFERROR(+AN23/AM23,0) -> 3.0388432 | AP23: =IFERROR(VLOOKUP(_xlfn.CONCAT($AN$3,"_",B23,"_",$AM$2,"_",Parámetros!$C$6),DATA_KPI_PRE!A:F,6,FALSE),0) -> 26405.169 | AQ23: =IFERROR(+(AN23/AP23)-1,0) -> 0.58522217 | AS23: =J23/D23 -> 0.67728383 | AT23: =P23/D23 -> 0.012545315 | AU23: =V23/D23 -> 0 | AV23: =AB23/D23 -> 0.0056342612 | AW23: =AH23/D23 -> 0.30005402 | AX23: =AN23/D23 -> 0.0044825774 | AY23: =SUM(AS23:AX23) -> 1
A24: Sabana | B24: =IF(IFERROR(VLOOKUP(A24,DATA_KPI!$D:$H,5,FALSE),"")="",VLOOKUP(A24,DATA_KPI_PRE!$D:$H,5,FALSE),VLOOKUP(A24,DATA_KPI!$D:$H,5,FALSE)) -> S19 | C24: =IFERROR(VLOOKUP(_xlfn.CONCAT($C$3,"_",B24,"_",$C$2,"_",Parámetros!$C$6),DATA_KPI!$A:$H,6,FALSE),0) -> 30405630 | D24: =IFERROR(VLOOKUP(_xlfn.CONCAT($D$3,"_",B24,"_",$C$2,"_",Parámetros!$C$6),DATA_KPI!A:H,6,FALSE),0) -> 29801655 | E24: =IFERROR(+(D24/C24)-1,0) -> -0.019863904 | F24: =IFERROR(VLOOKUP(_xlfn.CONCAT($D$3,"_",B24,"_",$C$2,"_",Parámetros!$C$6),DATA_KPI_PRE!$A:$F,6,FALSE),0) -> 30477251 | G24: =IFERROR(+(D24/F24)-1,0) -> -0.022167226 | I24: =IFERROR(VLOOKUP(_xlfn.CONCAT($I$3,"_",B24,"_",$I$2,"_",Parámetros!$C$6),DATA_KPI!$A:$H,6,FALSE),0) -> 19574541 | J24: =IFERROR(VLOOKUP(_xlfn.CONCAT($J$3,"_",B24,"_",$I$2,"_",Parámetros!$C$6),DATA_KPI!$A:$H,6,FALSE),0) -> 19373315 | K24: =IFERROR(+(J24/I24)-1,0) -> -0.010279963 | L24: =IFERROR(VLOOKUP(_xlfn.CONCAT($J$3,"_",B24,"_",$I$2,"_",Parámetros!$C$6),DATA_KPI_PRE!A:F,6,FALSE),0) -> 18187239 | M24: =IFERROR(+(J24/L24)-1,0) -> 0.065214771 | O24: =IFERROR(VLOOKUP(_xlfn.CONCAT($O$3,"_",B24,"_",$O$2,"_",Parámetros!$C$6),DATA_KPI!$A:$H,6,FALSE),0) -> 2198557.1 | P24: =IFERROR(VLOOKUP(_xlfn.CONCAT($P$3,"_",B24,"_",$O$2,"_",Parámetros!$C$6),DATA_KPI!$A:$H,6,FALSE),0) -> 1672345.8 | Q24: =IFERROR(+(P24/O24)-1,0) -> -0.23934396 | R24: =IFERROR(VLOOKUP(_xlfn.CONCAT($P$3,"_",B24,"_",$O$2,"_",Parámetros!$C$6),DATA_KPI_PRE!A:F,6,FALSE),0) -> 2374930.6 | S24: =IFERROR(+(P24/R24)-1,0) -> -0.29583385 | U24: =IFERROR(VLOOKUP(_xlfn.CONCAT($U$3,"_",B24,"_",$U$2,"_",Parámetros!$C$6),DATA_KPI!$A:$H,6,FALSE),0) -> 0 | V24: =IFERROR(VLOOKUP(_xlfn.CONCAT($V$3,"_",B24,"_",$U$2,"_",Parámetros!$C$6),DATA_KPI!$A:$H,6,FALSE),0) -> 0 | W24: =IFERROR(+(V24/U24)-1,0) -> 0 | X24: =IFERROR(VLOOKUP(_xlfn.CONCAT($V$3,"_",B24,"_",$U$2,"_",Parámetros!$C$6),DATA_KPI_PRE!A:F,6,FALSE),0) -> 0 | Y24: =IFERROR(+(V24/X24)-1,0) -> 0 | AA24: =IFERROR(VLOOKUP(_xlfn.CONCAT($AA$3,"_",B24,"_",$AA$2,"_",Parámetros!$C$6),DATA_KPI!$A:$H,6,FALSE),0) -> 447181.58 | AB24: =IFERROR(VLOOKUP(_xlfn.CONCAT($AB$3,"_",B24,"_",$AA$2,"_",Parámetros!$C$6),DATA_KPI!$A:$H,6,FALSE),0) -> 510349.77 | AC24: =IFERROR(+(AB24/AA24)-1,0) -> 0.14125848 | AD24: =IFERROR(VLOOKUP(_xlfn.CONCAT($AB$3,"_",B24,"_",$AA$2,"_",Parámetros!$C$6),DATA_KPI_PRE!A:F,6,FALSE),0) -> 954627.87 | AE24: =IFERROR(+(AB24/AD24)-1,0) -> -0.46539402 | AG24: =IFERROR(VLOOKUP(_xlfn.CONCAT($AG$3,"_",B24,"_",$AG$2,"_",Parámetros!$C$6),DATA_KPI!$A:$H,6,FALSE),0) -> 8178633.3 | AH24: =IFERROR(VLOOKUP(_xlfn.CONCAT($AH$3,"_",B24,"_",$AG$2,"_",Parámetros!$C$6),DATA_KPI!$A:$H,6,FALSE),0) -> 8213909.8 | AI24: =IFERROR(+(AH24/AG24)-1,0) -> 0.0043132524 | AJ24: =IFERROR(VLOOKUP(_xlfn.CONCAT($AH$3,"_",B24,"_",$AG$2,"_",Parámetros!$C$6),DATA_KPI_PRE!A:F,6,FALSE),0) -> 8890922.6 | AK24: =IFERROR(+(AH24/AJ24)-1,0) -> -0.076146515 | AM24: =IFERROR(VLOOKUP(_xlfn.CONCAT($AM$3,"_",B24,"_",$AM$2,"_",Parámetros!$C$6),DATA_KPI!$A:$H,6,FALSE),0) -> 6716.81 | AN24: =IFERROR(VLOOKUP(_xlfn.CONCAT($AN$3,"_",B24,"_",$AM$2,"_",Parámetros!$C$6),DATA_KPI!$A:$H,6,FALSE),0) -> 31734.51 | AO24: =IFERROR(+AN24/AM24,0) -> 4.7246401 | AP24: =IFERROR(VLOOKUP(_xlfn.CONCAT($AN$3,"_",B24,"_",$AM$2,"_",Parámetros!$C$6),DATA_KPI_PRE!A:F,6,FALSE),0) -> 69531.477 | AQ24: =IFERROR(+(AN24/AP24)-1,0) -> -0.54359505 | AS24: =J24/D24 -> 0.65007515 | AT24: =P24/D24 -> 0.056115868 | AU24: =V24/D24 -> 0 | AV24: =AB24/D24 -> 0.01712488 | AW24: =AH24/D24 -> 0.27561925 | AX24: =AN24/D24 -> 0.0010648573 | AY24: =SUM(AS24:AX24) -> 1
A25: San Francisco | B25: S91 | C25: =IFERROR(VLOOKUP(_xlfn.CONCAT($C$3,"_",B25,"_",$C$2,"_",Parámetros!$C$6),DATA_KPI!$A:$H,6,FALSE),0) -> 11210848 | D25: =IFERROR(VLOOKUP(_xlfn.CONCAT($D$3,"_",B25,"_",$C$2,"_",Parámetros!$C$6),DATA_KPI!A:H,6,FALSE),0) -> 8975890.7 | E25: =IFERROR(+(D25/C25)-1,0) -> -0.19935669 | F25: =IFERROR(VLOOKUP(_xlfn.CONCAT($D$3,"_",B25,"_",$C$2,"_",Parámetros!$C$6),DATA_KPI_PRE!$A:$F,6,FALSE),0) -> 10790744 | G25: =IFERROR(+(D25/F25)-1,0) -> -0.16818614 | I25: =IFERROR(VLOOKUP(_xlfn.CONCAT($I$3,"_",B25,"_",$I$2,"_",Parámetros!$C$6),DATA_KPI!$A:$H,6,FALSE),0) -> 5330410.7 | J25: =IFERROR(VLOOKUP(_xlfn.CONCAT($J$3,"_",B25,"_",$I$2,"_",Parámetros!$C$6),DATA_KPI!$A:$H,6,FALSE),0) -> 4861858.6 | K25: =IFERROR(+(J25/I25)-1,0) -> -0.087901679 | L25: =IFERROR(VLOOKUP(_xlfn.CONCAT($J$3,"_",B25,"_",$I$2,"_",Parámetros!$C$6),DATA_KPI_PRE!A:F,6,FALSE),0) -> 5537749.7 | M25: =IFERROR(+(J25/L25)-1,0) -> -0.12205157 | O25: =IFERROR(VLOOKUP(_xlfn.CONCAT($O$3,"_",B25,"_",$O$2,"_",Parámetros!$C$6),DATA_KPI!$A:$H,6,FALSE),0) -> 342123.3 | P25: =IFERROR(VLOOKUP(_xlfn.CONCAT($P$3,"_",B25,"_",$O$2,"_",Parámetros!$C$6),DATA_KPI!$A:$H,6,FALSE),0) -> 337342.06 | Q25: =IFERROR(+(P25/O25)-1,0) -> -0.013975195 | R25: =IFERROR(VLOOKUP(_xlfn.CONCAT($P$3,"_",B25,"_",$O$2,"_",Parámetros!$C$6),DATA_KPI_PRE!A:F,6,FALSE),0) -> 119994.93 | S25: =IFERROR(+(P25/R25)-1,0) -> 1.8113025 | U25: =IFERROR(VLOOKUP(_xlfn.CONCAT($U$3,"_",B25,"_",$U$2,"_",Parámetros!$C$6),DATA_KPI!$A:$H,6,FALSE),0) -> 0 | V25: =IFERROR(VLOOKUP(_xlfn.CONCAT($V$3,"_",B25,"_",$U$2,"_",Parámetros!$C$6),DATA_KPI!$A:$H,6,FALSE),0) -> 0 | W25: =IFERROR(+(V25/U25)-1,0) -> 0 | X25: =IFERROR(VLOOKUP(_xlfn.CONCAT($V$3,"_",B25,"_",$U$2,"_",Parámetros!$C$6),DATA_KPI_PRE!A:F,6,FALSE),0) -> 0 | Y25: =IFERROR(+(V25/X25)-1,0) -> 0 | AA25: =IFERROR(VLOOKUP(_xlfn.CONCAT($AA$3,"_",B25,"_",$AA$2,"_",Parámetros!$C$6),DATA_KPI!$A:$H,6,FALSE),0) -> 39674.34 | AB25: =IFERROR(VLOOKUP(_xlfn.CONCAT($AB$3,"_",B25,"_",$AA$2,"_",Parámetros!$C$6),DATA_KPI!$A:$H,6,FALSE),0) -> 0 | AC25: =IFERROR(+(AB25/AA25)-1,0) -> -1 | AD25: =IFERROR(VLOOKUP(_xlfn.CONCAT($AB$3,"_",B25,"_",$AA$2,"_",Parámetros!$C$6),DATA_KPI_PRE!A:F,6,FALSE),0) -> 16405.852 | AE25: =IFERROR(+(AB25/AD25)-1,0) -> -1 | AG25: =IFERROR(VLOOKUP(_xlfn.CONCAT($AG$3,"_",B25,"_",$AG$2,"_",Parámetros!$C$6),DATA_KPI!$A:$H,6,FALSE),0) -> 5495458.6 | AH25: =IFERROR(VLOOKUP(_xlfn.CONCAT($AH$3,"_",B25,"_",$AG$2,"_",Parámetros!$C$6),DATA_KPI!$A:$H,6,FALSE),0) -> 3776690 | AI25: =IFERROR(+(AH25/AG25)-1,0) -> -0.31276163 | AJ25: =IFERROR(VLOOKUP(_xlfn.CONCAT($AH$3,"_",B25,"_",$AG$2,"_",Parámetros!$C$6),DATA_KPI_PRE!A:F,6,FALSE),0) -> 5116593.9 | AK25: =IFERROR(+(AH25/AJ25)-1,0) -> -0.26187418 | AM25: =IFERROR(VLOOKUP(_xlfn.CONCAT($AM$3,"_",B25,"_",$AM$2,"_",Parámetros!$C$6),DATA_KPI!$A:$H,6,FALSE),0) -> 3181.42 | AN25: =IFERROR(VLOOKUP(_xlfn.CONCAT($AN$3,"_",B25,"_",$AM$2,"_",Parámetros!$C$6),DATA_KPI!$A:$H,6,FALSE),0) -> 0 | AO25: =IFERROR(+AN25/AM25,0) -> 0 | AP25: =IFERROR(VLOOKUP(_xlfn.CONCAT($AN$3,"_",B25,"_",$AM$2,"_",Parámetros!$C$6),DATA_KPI_PRE!A:F,6,FALSE),0) -> 0 | AQ25: =IFERROR(+(AN25/AP25)-1,0) -> 0 | AS25: =J25/D25 -> 0.54165751 | AT25: =P25/D25 -> 0.037583129 | AU25: =V25/D25 -> 0 | AV25: =AB25/D25 -> 0 | AW25: =AH25/D25 -> 0.42075936 | AX25: =AN25/D25 -> 0 | AY25: =SUM(AS25:AX25) -> 1
A26: San José | B26: =IF(IFERROR(VLOOKUP(A26,DATA_KPI!$D:$H,5,FALSE),"")="",VLOOKUP(A26,DATA_KPI_PRE!$D:$H,5,FALSE),VLOOKUP(A26,DATA_KPI!$D:$H,5,FALSE)) -> S10 | C26: =IFERROR(VLOOKUP(_xlfn.CONCAT($C$3,"_",B26,"_",$C$2,"_",Parámetros!$C$6),DATA_KPI!$A:$H,6,FALSE),0) -> 10271153 | D26: =IFERROR(VLOOKUP(_xlfn.CONCAT($D$3,"_",B26,"_",$C$2,"_",Parámetros!$C$6),DATA_KPI!A:H,6,FALSE),0) -> 11624834 | E26: =IFERROR(+(D26/C26)-1,0) -> 0.13179447 | F26: =IFERROR(VLOOKUP(_xlfn.CONCAT($D$3,"_",B26,"_",$C$2,"_",Parámetros!$C$6),DATA_KPI_PRE!$A:$F,6,FALSE),0) -> 13330190 | G26: =IFERROR(+(D26/F26)-1,0) -> -0.12793188 | I26: =IFERROR(VLOOKUP(_xlfn.CONCAT($I$3,"_",B26,"_",$I$2,"_",Parámetros!$C$6),DATA_KPI!$A:$H,6,FALSE),0) -> 7379897.3 | J26: =IFERROR(VLOOKUP(_xlfn.CONCAT($J$3,"_",B26,"_",$I$2,"_",Parámetros!$C$6),DATA_KPI!$A:$H,6,FALSE),0) -> 8423304 | K26: =IFERROR(+(J26/I26)-1,0) -> 0.14138499 | L26: =IFERROR(VLOOKUP(_xlfn.CONCAT($J$3,"_",B26,"_",$I$2,"_",Parámetros!$C$6),DATA_KPI_PRE!A:F,6,FALSE),0) -> 9624031.4 | M26: =IFERROR(+(J26/L26)-1,0) -> -0.12476345 | O26: =IFERROR(VLOOKUP(_xlfn.CONCAT($O$3,"_",B26,"_",$O$2,"_",Parámetros!$C$6),DATA_KPI!$A:$H,6,FALSE),0) -> 273078.78 | P26: =IFERROR(VLOOKUP(_xlfn.CONCAT($P$3,"_",B26,"_",$O$2,"_",Parámetros!$C$6),DATA_KPI!$A:$H,6,FALSE),0) -> 54651.03 | Q26: =IFERROR(+(P26/O26)-1,0) -> -0.79987083 | R26: =IFERROR(VLOOKUP(_xlfn.CONCAT($P$3,"_",B26,"_",$O$2,"_",Parámetros!$C$6),DATA_KPI_PRE!A:F,6,FALSE),0) -> 411730.15 | S26: =IFERROR(+(P26/R26)-1,0) -> -0.86726493 | U26: =IFERROR(VLOOKUP(_xlfn.CONCAT($U$3,"_",B26,"_",$U$2,"_",Parámetros!$C$6),DATA_KPI!$A:$H,6,FALSE),0) -> 0 | V26: =IFERROR(VLOOKUP(_xlfn.CONCAT($V$3,"_",B26,"_",$U$2,"_",Parámetros!$C$6),DATA_KPI!$A:$H,6,FALSE),0) -> 0 | W26: =IFERROR(+(V26/U26)-1,0) -> 0 | X26: =IFERROR(VLOOKUP(_xlfn.CONCAT($V$3,"_",B26,"_",$U$2,"_",Parámetros!$C$6),DATA_KPI_PRE!A:F,6,FALSE),0) -> 0 | Y26: =IFERROR(+(V26/X26)-1,0) -> 0 | AA26: =IFERROR(VLOOKUP(_xlfn.CONCAT($AA$3,"_",B26,"_",$AA$2,"_",Parámetros!$C$6),DATA_KPI!$A:$H,6,FALSE),0) -> 0 | AB26: =IFERROR(VLOOKUP(_xlfn.CONCAT($AB$3,"_",B26,"_",$AA$2,"_",Parámetros!$C$6),DATA_KPI!$A:$H,6,FALSE),0) -> 0 | AC26: =IFERROR(+(AB26/AA26)-1,0) -> 0 | AD26: =IFERROR(VLOOKUP(_xlfn.CONCAT($AB$3,"_",B26,"_",$AA$2,"_",Parámetros!$C$6),DATA_KPI_PRE!A:F,6,FALSE),0) -> 0 | AE26: =IFERROR(+(AB26/AD26)-1,0) -> 0 | AG26: =IFERROR(VLOOKUP(_xlfn.CONCAT($AG$3,"_",B26,"_",$AG$2,"_",Parámetros!$C$6),DATA_KPI!$A:$H,6,FALSE),0) -> 2618176.8 | AH26: =IFERROR(VLOOKUP(_xlfn.CONCAT($AH$3,"_",B26,"_",$AG$2,"_",Parámetros!$C$6),DATA_KPI!$A:$H,6,FALSE),0) -> 3146879 | AI26: =IFERROR(+(AH26/AG26)-1,0) -> 0.20193526 | AJ26: =IFERROR(VLOOKUP(_xlfn.CONCAT($AH$3,"_",B26,"_",$AG$2,"_",Parámetros!$C$6),DATA_KPI_PRE!A:F,6,FALSE),0) -> 3294428.9 | AK26: =IFERROR(+(AH26/AJ26)-1,0) -> -0.044787698 | AM26: =IFERROR(VLOOKUP(_xlfn.CONCAT($AM$3,"_",B26,"_",$AM$2,"_",Parámetros!$C$6),DATA_KPI!$A:$H,6,FALSE),0) -> 0 | AN26: =IFERROR(VLOOKUP(_xlfn.CONCAT($AN$3,"_",B26,"_",$AM$2,"_",Parámetros!$C$6),DATA_KPI!$A:$H,6,FALSE),0) -> 0 | AO26: =IFERROR(+AN26/AM26,0) -> 0 | AP26: =IFERROR(VLOOKUP(_xlfn.CONCAT($AN$3,"_",B26,"_",$AM$2,"_",Parámetros!$C$6),DATA_KPI_PRE!A:F,6,FALSE),0) -> 0 | AQ26: =IFERROR(+(AN26/AP26)-1,0) -> 0 | AS26: =J26/D26 -> 0.72459564 | AT26: =P26/D26 -> 0.004701231 | AU26: =V26/D26 -> 0 | AV26: =AB26/D26 -> 0 | AW26: =AH26/D26 -> 0.27070313 | AX26: =AN26/D26 -> 0 | AY26: =SUM(AS26:AX26) -> 1
A27: Santa Ana | B27: =IF(IFERROR(VLOOKUP(A27,DATA_KPI!$D:$H,5,FALSE),"")="",VLOOKUP(A27,DATA_KPI_PRE!$D:$H,5,FALSE),VLOOKUP(A27,DATA_KPI!$D:$H,5,FALSE)) -> S14 | C27: =IFERROR(VLOOKUP(_xlfn.CONCAT($C$3,"_",B27,"_",$C$2,"_",Parámetros!$C$6),DATA_KPI!$A:$H,6,FALSE),0) -> 21214457 | D27: =IFERROR(VLOOKUP(_xlfn.CONCAT($D$3,"_",B27,"_",$C$2,"_",Parámetros!$C$6),DATA_KPI!A:H,6,FALSE),0) -> 18728574 | E27: =IFERROR(+(D27/C27)-1,0) -> -0.11717872 | F27: =IFERROR(VLOOKUP(_xlfn.CONCAT($D$3,"_",B27,"_",$C$2,"_",Parámetros!$C$6),DATA_KPI_PRE!$A:$F,6,FALSE),0) -> 20135196 | G27: =IFERROR(+(D27/F27)-1,0) -> -0.069858868 | I27: =IFERROR(VLOOKUP(_xlfn.CONCAT($I$3,"_",B27,"_",$I$2,"_",Parámetros!$C$6),DATA_KPI!$A:$H,6,FALSE),0) -> 11433379 | J27: =IFERROR(VLOOKUP(_xlfn.CONCAT($J$3,"_",B27,"_",$I$2,"_",Parámetros!$C$6),DATA_KPI!$A:$H,6,FALSE),0) -> 10095201 | K27: =IFERROR(+(J27/I27)-1,0) -> -0.11704132 | L27: =IFERROR(VLOOKUP(_xlfn.CONCAT($J$3,"_",B27,"_",$I$2,"_",Parámetros!$C$6),DATA_KPI_PRE!A:F,6,FALSE),0) -> 10054693 | M27: =IFERROR(+(J27/L27)-1,0) -> 0.0040288073 | O27: =IFERROR(VLOOKUP(_xlfn.CONCAT($O$3,"_",B27,"_",$O$2,"_",Parámetros!$C$6),DATA_KPI!$A:$H,6,FALSE),0) -> 1407968.5 | P27: =IFERROR(VLOOKUP(_xlfn.CONCAT($P$3,"_",B27,"_",$O$2,"_",Parámetros!$C$6),DATA_KPI!$A:$H,6,FALSE),0) -> 1241475.2 | Q27: =IFERROR(+(P27/O27)-1,0) -> -0.11825075 | R27: =IFERROR(VLOOKUP(_xlfn.CONCAT($P$3,"_",B27,"_",$O$2,"_",Parámetros!$C$6),DATA_KPI_PRE!A:F,6,FALSE),0) -> 1337923.8 | S27: =IFERROR(+(P27/R27)-1,0) -> -0.072088238 | U27: =IFERROR(VLOOKUP(_xlfn.CONCAT($U$3,"_",B27,"_",$U$2,"_",Parámetros!$C$6),DATA_KPI!$A:$H,6,FALSE),0) -> 0 | V27: =IFERROR(VLOOKUP(_xlfn.CONCAT($V$3,"_",B27,"_",$U$2,"_",Parámetros!$C$6),DATA_KPI!$A:$H,6,FALSE),0) -> 0 | W27: =IFERROR(+(V27/U27)-1,0) -> 0 | X27: =IFERROR(VLOOKUP(_xlfn.CONCAT($V$3,"_",B27,"_",$U$2,"_",Parámetros!$C$6),DATA_KPI_PRE!A:F,6,FALSE),0) -> 0 | Y27: =IFERROR(+(V27/X27)-1,0) -> 0 | AA27: =IFERROR(VLOOKUP(_xlfn.CONCAT($AA$3,"_",B27,"_",$AA$2,"_",Parámetros!$C$6),DATA_KPI!$A:$H,6,FALSE),0) -> 443617.91 | AB27: =IFERROR(VLOOKUP(_xlfn.CONCAT($AB$3,"_",B27,"_",$AA$2,"_",Parámetros!$C$6),DATA_KPI!$A:$H,6,FALSE),0) -> 118902.76 | AC27: =IFERROR(+(AB27/AA27)-1,0) -> -0.73197033 | AD27: =IFERROR(VLOOKUP(_xlfn.CONCAT($AB$3,"_",B27,"_",$AA$2,"_",Parámetros!$C$6),DATA_KPI_PRE!A:F,6,FALSE),0) -> 1106018.2 | AE27: =IFERROR(+(AB27/AD27)-1,0) -> -0.89249475 | AG27: =IFERROR(VLOOKUP(_xlfn.CONCAT($AG$3,"_",B27,"_",$AG$2,"_",Parámetros!$C$6),DATA_KPI!$A:$H,6,FALSE),0) -> 7896721.6 | AH27: =IFERROR(VLOOKUP(_xlfn.CONCAT($AH$3,"_",B27,"_",$AG$2,"_",Parámetros!$C$6),DATA_KPI!$A:$H,6,FALSE),0) -> 7253177.1 | AI27: =IFERROR(+(AH27/AG27)-1,0) -> -0.081495145 | AJ27: =IFERROR(VLOOKUP(_xlfn.CONCAT($AH$3,"_",B27,"_",$AG$2,"_",Parámetros!$C$6),DATA_KPI_PRE!A:F,6,FALSE),0) -> 7587503.5 | AK27: =IFERROR(+(AH27/AJ27)-1,0) -> -0.044062763 | AM27: =IFERROR(VLOOKUP(_xlfn.CONCAT($AM$3,"_",B27,"_",$AM$2,"_",Parámetros!$C$6),DATA_KPI!$A:$H,6,FALSE),0) -> 32769.93 | AN27: =IFERROR(VLOOKUP(_xlfn.CONCAT($AN$3,"_",B27,"_",$AM$2,"_",Parámetros!$C$6),DATA_KPI!$A:$H,6,FALSE),0) -> 19817.7 | AO27: =IFERROR(+AN27/AM27,0) -> 0.60475259 | AP27: =IFERROR(VLOOKUP(_xlfn.CONCAT($AN$3,"_",B27,"_",$AM$2,"_",Parámetros!$C$6),DATA_KPI_PRE!A:F,6,FALSE),0) -> 49057.751 | AQ27: =IFERROR(+(AN27/AP27)-1,0) -> -0.59603326 | AS27: =J27/D27 -> 0.53902669 | AT27: =P27/D27 -> 0.066287759 | AU27: =V27/D27 -> 0 | AV27: =AB27/D27 -> 0.0063487353 | AW27: =AH27/D27 -> 0.38727866 | AX27: =AN27/D27 -> 0.0010581532 | AY27: =SUM(AS27:AX27) -> 1
A28: Terramall | B28: =IF(IFERROR(VLOOKUP(A28,DATA_KPI!$D:$H,5,FALSE),"")="",VLOOKUP(A28,DATA_KPI_PRE!$D:$H,5,FALSE),VLOOKUP(A28,DATA_KPI!$D:$H,5,FALSE)) -> S21 | C28: =IFERROR(VLOOKUP(_xlfn.CONCAT($C$3,"_",B28,"_",$C$2,"_",Parámetros!$C$6),DATA_KPI!$A:$H,6,FALSE),0) -> 18082463 | D28: =IFERROR(VLOOKUP(_xlfn.CONCAT($D$3,"_",B28,"_",$C$2,"_",Parámetros!$C$6),DATA_KPI!A:H,6,FALSE),0) -> 14768522 | E28: =IFERROR(+(D28/C28)-1,0) -> -0.18326826 | F28: =IFERROR(VLOOKUP(_xlfn.CONCAT($D$3,"_",B28,"_",$C$2,"_",Parámetros!$C$6),DATA_KPI_PRE!$A:$F,6,FALSE),0) -> 17317823 | G28: =IFERROR(+(D28/F28)-1,0) -> -0.14720681 | I28: =IFERROR(VLOOKUP(_xlfn.CONCAT($I$3,"_",B28,"_",$I$2,"_",Parámetros!$C$6),DATA_KPI!$A:$H,6,FALSE),0) -> 15150638 | J28: =IFERROR(VLOOKUP(_xlfn.CONCAT($J$3,"_",B28,"_",$I$2,"_",Parámetros!$C$6),DATA_KPI!$A:$H,6,FALSE),0) -> 11849655 | K28: =IFERROR(+(J28/I28)-1,0) -> -0.21787754 | L28: =IFERROR(VLOOKUP(_xlfn.CONCAT($J$3,"_",B28,"_",$I$2,"_",Parámetros!$C$6),DATA_KPI_PRE!A:F,6,FALSE),0) -> 14044565 | M28: =IFERROR(+(J28/L28)-1,0) -> -0.15628185 | O28: =IFERROR(VLOOKUP(_xlfn.CONCAT($O$3,"_",B28,"_",$O$2,"_",Parámetros!$C$6),DATA_KPI!$A:$H,6,FALSE),0) -> 315489.59 | P28: =IFERROR(VLOOKUP(_xlfn.CONCAT($P$3,"_",B28,"_",$O$2,"_",Parámetros!$C$6),DATA_KPI!$A:$H,6,FALSE),0) -> 208915.63 | Q28: =IFERROR(+(P28/O28)-1,0) -> -0.337805 | R28: =IFERROR(VLOOKUP(_xlfn.CONCAT($P$3,"_",B28,"_",$O$2,"_",Parámetros!$C$6),DATA_KPI_PRE!A:F,6,FALSE),0) -> 767353.73 | S28: =IFERROR(+(P28/R28)-1,0) -> -0.72774534 | U28: =IFERROR(VLOOKUP(_xlfn.CONCAT($U$3,"_",B28,"_",$U$2,"_",Parámetros!$C$6),DATA_KPI!$A:$H,6,FALSE),0) -> 0 | V28: =IFERROR(VLOOKUP(_xlfn.CONCAT($V$3,"_",B28,"_",$U$2,"_",Parámetros!$C$6),DATA_KPI!$A:$H,6,FALSE),0) -> 0 | W28: =IFERROR(+(V28/U28)-1,0) -> 0 | X28: =IFERROR(VLOOKUP(_xlfn.CONCAT($V$3,"_",B28,"_",$U$2,"_",Parámetros!$C$6),DATA_KPI_PRE!A:F,6,FALSE),0) -> 0 | Y28: =IFERROR(+(V28/X28)-1,0) -> 0 | AA28: =IFERROR(VLOOKUP(_xlfn.CONCAT($AA$3,"_",B28,"_",$AA$2,"_",Parámetros!$C$6),DATA_KPI!$A:$H,6,FALSE),0) -> 0 | AB28: =IFERROR(VLOOKUP(_xlfn.CONCAT($AB$3,"_",B28,"_",$AA$2,"_",Parámetros!$C$6),DATA_KPI!$A:$H,6,FALSE),0) -> 0 | AC28: =IFERROR(+(AB28/AA28)-1,0) -> 0 | AD28: =IFERROR(VLOOKUP(_xlfn.CONCAT($AB$3,"_",B28,"_",$AA$2,"_",Parámetros!$C$6),DATA_KPI_PRE!A:F,6,FALSE),0) -> 0 | AE28: =IFERROR(+(AB28/AD28)-1,0) -> 0 | AG28: =IFERROR(VLOOKUP(_xlfn.CONCAT($AG$3,"_",B28,"_",$AG$2,"_",Parámetros!$C$6),DATA_KPI!$A:$H,6,FALSE),0) -> 2616335.4 | AH28: =IFERROR(VLOOKUP(_xlfn.CONCAT($AH$3,"_",B28,"_",$AG$2,"_",Parámetros!$C$6),DATA_KPI!$A:$H,6,FALSE),0) -> 2709951.6 | AI28: =IFERROR(+(AH28/AG28)-1,0) -> 0.035781425 | AJ28: =IFERROR(VLOOKUP(_xlfn.CONCAT($AH$3,"_",B28,"_",$AG$2,"_",Parámetros!$C$6),DATA_KPI_PRE!A:F,6,FALSE),0) -> 2505904.4 | AK28: =IFERROR(+(AH28/AJ28)-1,0) -> 0.081426578 | AM28: =IFERROR(VLOOKUP(_xlfn.CONCAT($AM$3,"_",B28,"_",$AM$2,"_",Parámetros!$C$6),DATA_KPI!$A:$H,6,FALSE),0) -> 0 | AN28: =IFERROR(VLOOKUP(_xlfn.CONCAT($AN$3,"_",B28,"_",$AM$2,"_",Parámetros!$C$6),DATA_KPI!$A:$H,6,FALSE),0) -> 0 | AO28: =IFERROR(+AN28/AM28,0) -> 0 | AP28: =IFERROR(VLOOKUP(_xlfn.CONCAT($AN$3,"_",B28,"_",$AM$2,"_",Parámetros!$C$6),DATA_KPI_PRE!A:F,6,FALSE),0) -> 0 | AQ28: =IFERROR(+(AN28/AP28)-1,0) -> 0 | AS28: =J28/D28 -> 0.80235888 | AT28: =P28/D28 -> 0.014146008 | AU28: =V28/D28 -> 0 | AV28: =AB28/D28 -> 0 | AW28: =AH28/D28 -> 0.18349512 | AX28: =AN28/D28 -> 0 | AY28: =SUM(AS28:AX28) -> 1
A29: Tibas | B29: =IF(IFERROR(VLOOKUP(A29,DATA_KPI!$D:$H,5,FALSE),"")="",VLOOKUP(A29,DATA_KPI_PRE!$D:$H,5,FALSE),VLOOKUP(A29,DATA_KPI!$D:$H,5,FALSE)) -> S20 | C29: =IFERROR(VLOOKUP(_xlfn.CONCAT($C$3,"_",B29,"_",$C$2,"_",Parámetros!$C$6),DATA_KPI!$A:$H,6,FALSE),0) -> 23200860 | D29: =IFERROR(VLOOKUP(_xlfn.CONCAT($D$3,"_",B29,"_",$C$2,"_",Parámetros!$C$6),DATA_KPI!A:H,6,FALSE),0) -> 22505366 | E29: =IFERROR(+(D29/C29)-1,0) -> -0.029977066 | F29: =IFERROR(VLOOKUP(_xlfn.CONCAT($D$3,"_",B29,"_",$C$2,"_",Parámetros!$C$6),DATA_KPI_PRE!$A:$F,6,FALSE),0) -> 22881447 | G29: =IFERROR(+(D29/F29)-1,0) -> -0.016436083 | I29: =IFERROR(VLOOKUP(_xlfn.CONCAT($I$3,"_",B29,"_",$I$2,"_",Parámetros!$C$6),DATA_KPI!$A:$H,6,FALSE),0) -> 15590030 | J29: =IFERROR(VLOOKUP(_xlfn.CONCAT($J$3,"_",B29,"_",$I$2,"_",Parámetros!$C$6),DATA_KPI!$A:$H,6,FALSE),0) -> 15093780 | K29: =IFERROR(+(J29/I29)-1,0) -> -0.031831247 | L29: =IFERROR(VLOOKUP(_xlfn.CONCAT($J$3,"_",B29,"_",$I$2,"_",Parámetros!$C$6),DATA_KPI_PRE!A:F,6,FALSE),0) -> 15316810 | M29: =IFERROR(+(J29/L29)-1,0) -> -0.014561147 | O29: =IFERROR(VLOOKUP(_xlfn.CONCAT($O$3,"_",B29,"_",$O$2,"_",Parámetros!$C$6),DATA_KPI!$A:$H,6,FALSE),0) -> 2614942 | P29: =IFERROR(VLOOKUP(_xlfn.CONCAT($P$3,"_",B29,"_",$O$2,"_",Parámetros!$C$6),DATA_KPI!$A:$H,6,FALSE),0) -> 2170722.1 | Q29: =IFERROR(+(P29/O29)-1,0) -> -0.16987753 | R29: =IFERROR(VLOOKUP(_xlfn.CONCAT($P$3,"_",B29,"_",$O$2,"_",Parámetros!$C$6),DATA_KPI_PRE!A:F,6,FALSE),0) -> 2096643.2 | S29: =IFERROR(+(P29/R29)-1,0) -> 0.035332158 | U29: =IFERROR(VLOOKUP(_xlfn.CONCAT($U$3,"_",B29,"_",$U$2,"_",Parámetros!$C$6),DATA_KPI!$A:$H,6,FALSE),0) -> 0 | V29: =IFERROR(VLOOKUP(_xlfn.CONCAT($V$3,"_",B29,"_",$U$2,"_",Parámetros!$C$6),DATA_KPI!$A:$H,6,FALSE),0) -> 0 | W29: =IFERROR(+(V29/U29)-1,0) -> 0 | X29: =IFERROR(VLOOKUP(_xlfn.CONCAT($V$3,"_",B29,"_",$U$2,"_",Parámetros!$C$6),DATA_KPI_PRE!A:F,6,FALSE),0) -> 0 | Y29: =IFERROR(+(V29/X29)-1,0) -> 0 | AA29: =IFERROR(VLOOKUP(_xlfn.CONCAT($AA$3,"_",B29,"_",$AA$2,"_",Parámetros!$C$6),DATA_KPI!$A:$H,6,FALSE),0) -> 861525.13 | AB29: =IFERROR(VLOOKUP(_xlfn.CONCAT($AB$3,"_",B29,"_",$AA$2,"_",Parámetros!$C$6),DATA_KPI!$A:$H,6,FALSE),0) -> 552794.04 | AC29: =IFERROR(+(AB29/AA29)-1,0) -> -0.35835413 | AD29: =IFERROR(VLOOKUP(_xlfn.CONCAT($AB$3,"_",B29,"_",$AA$2,"_",Parámetros!$C$6),DATA_KPI_PRE!A:F,6,FALSE),0) -> 1469062.7 | AE29: =IFERROR(+(AB29/AD29)-1,0) -> -0.62370971 | AG29: =IFERROR(VLOOKUP(_xlfn.CONCAT($AG$3,"_",B29,"_",$AG$2,"_",Parámetros!$C$6),DATA_KPI!$A:$H,6,FALSE),0) -> 4129415.5 | AH29: =IFERROR(VLOOKUP(_xlfn.CONCAT($AH$3,"_",B29,"_",$AG$2,"_",Parámetros!$C$6),DATA_KPI!$A:$H,6,FALSE),0) -> 4666839.7 | AI29: =IFERROR(+(AH29/AG29)-1,0) -> 0.13014534 | AJ29: =IFERROR(VLOOKUP(_xlfn.CONCAT($AH$3,"_",B29,"_",$AG$2,"_",Parámetros!$C$6),DATA_KPI_PRE!A:F,6,FALSE),0) -> 3989699.3 | AK29: =IFERROR(+(AH29/AJ29)-1,0) -> 0.16972214 | AM29: =IFERROR(VLOOKUP(_xlfn.CONCAT($AM$3,"_",B29,"_",$AM$2,"_",Parámetros!$C$6),DATA_KPI!$A:$H,6,FALSE),0) -> 4946.91 | AN29: =IFERROR(VLOOKUP(_xlfn.CONCAT($AN$3,"_",B29,"_",$AM$2,"_",Parámetros!$C$6),DATA_KPI!$A:$H,6,FALSE),0) -> 21230.09 | AO29: =IFERROR(+AN29/AM29,0) -> 4.2915861 | AP29: =IFERROR(VLOOKUP(_xlfn.CONCAT($AN$3,"_",B29,"_",$AM$2,"_",Parámetros!$C$6),DATA_KPI_PRE!A:F,6,FALSE),0) -> 9231.6998 | AQ29: =IFERROR(+(AN29/AP29)-1,0) -> 1.2996946 | AS29: =IFERROR(J29/D29,0) -> 0.67067472 | AT29: =IFERROR(P29/D29,0) -> 0.096453536 | AU29: =IFERROR(V29/D29,0) -> 0 | AV29: =IFERROR(AB29/D29,0) -> 0.024562766 | AW29: =IFERROR(AH29/D29,0) -> 0.20736564 | AX29: =IFERROR(AN29/D29,0) -> 0.00094333459 | AY29: =SUM(AS29:AX29) -> 1
A30: TOTAL | C30: =IFERROR(VLOOKUP(_xlfn.CONCAT($C$3,"_",$A$3,"_",$C$2,"_",Parámetros!$C$6),DATA_KPI!$A:$H,6,FALSE),0) -> 4.7964702e+08 | D30: =IFERROR(VLOOKUP(_xlfn.CONCAT($D$3,"_",$A$3,"_",$C$2,"_",Parámetros!$C$6),DATA_KPI!$A:$H,6,FALSE),0) -> 4.4076392e+08 | E30: =IFERROR(+(D30/C30)-1,0) -> -0.081066071 | F30: =IFERROR(VLOOKUP(_xlfn.CONCAT($D$3,"_",A3,"_",$C$2,"_",Parámetros!$C$6),DATA_KPI_PRE!$A:$F,6,FALSE),0) -> 4.7618158e+08 | G30: =IFERROR(+(D30/F30)-1,0) -> -0.074378469 | I30: =IFERROR(VLOOKUP(_xlfn.CONCAT($I$3,"_",$A$3,"_",$I$2,"_",Parámetros!$C$6),DATA_KPI!$A:$H,6,FALSE),0) -> 3.186799e+08 | J30: =IFERROR(VLOOKUP(_xlfn.CONCAT(J3,"_",$A$3,"_",$I$2,"_",Parámetros!$C$6),DATA_KPI!$A:$H,6,FALSE),0) -> 2.9674068e+08 | K30: =IFERROR(+(J30/I30)-1,0) -> -0.068844076 | L30: =IFERROR(VLOOKUP(_xlfn.CONCAT(J3,"_",A3,"_",I2,"_",Parámetros!$C$6),DATA_KPI_PRE!$A:$F,6,FALSE),0) -> 3.0672008e+08 | M30: =IFERROR(+(J30/L30)-1,0) -> -0.032535841 | O30: =IFERROR(VLOOKUP(_xlfn.CONCAT(O3,"_",$A$3,"_",O2,"_",Parámetros!$C$6),DATA_KPI!$A:$H,6,FALSE),0) -> 49089944 | P30: =IFERROR(VLOOKUP(_xlfn.CONCAT(P3,"_",$A$3,"_",O2,"_",Parámetros!$C$6),DATA_KPI!$A:$H,6,FALSE),0) -> 36862160 | Q30: =IFERROR(+(P30/O30)-1,0) -> -0.24908938 | R30: =IFERROR(VLOOKUP(_xlfn.CONCAT(P3,"_",A3,"_",O2,"_",Parámetros!$C$6),DATA_KPI_PRE!$A:$F,6,FALSE),0) -> 52928981 | S30: =IFERROR(+(P30/R30)-1,0) -> -0.30355432 | U30: =IFERROR(VLOOKUP(_xlfn.CONCAT(U3,"_",$A$3,"_",U2,"_",Parámetros!$C$6),DATA_KPI!$A:$H,6,FALSE),0) -> 1402823.6 | V30: =IFERROR(VLOOKUP(_xlfn.CONCAT(V3,"_",$A$3,"_",U2,"_",Parámetros!$C$6),DATA_KPI!$A:$H,6,FALSE),0) -> 1678471.5 | W30: =IFERROR(+(V30/U30)-1,0) -> 0.19649511 | X30: =IFERROR(VLOOKUP(_xlfn.CONCAT(V3,"_",A3,"_",U2,"_",Parámetros!$C$6),DATA_KPI_PRE!$A:$F,6,FALSE),0) -> 1688666.9 | Y30: =IFERROR(+(V30/X30)-1,0) -> -0.0060375457 | AA30: =IFERROR(VLOOKUP(_xlfn.CONCAT(AA3,"_",$A$3,"_",AA2,"_",Parámetros!$C$6),DATA_KPI!$A:$H,6,FALSE),0) -> 6881679 | AB30: =IFERROR(VLOOKUP(_xlfn.CONCAT(AB3,"_",$A$3,"_",AA2,"_",Parámetros!$C$6),DATA_KPI!$A:$H,6,FALSE),0) -> 4766224.8 | AC30: =IFERROR(+(AB30/AA30)-1,0) -> -0.30740379 | AD30: =IFERROR(VLOOKUP(_xlfn.CONCAT(AB3,"_",A3,"_",AA2,"_",Parámetros!$C$6),DATA_KPI_PRE!$A:$F,6,FALSE),0) -> 11130302 | AE30: =IFERROR(+(AB30/AD30)-1,0) -> -0.57177938 | AG30: =IFERROR(VLOOKUP(_xlfn.CONCAT(AG3,"_",$A$3,"_",AG2,"_",Parámetros!$C$6),DATA_KPI!$A:$H,6,FALSE),0) -> 1.0294216e+08 | AH30: =IFERROR(VLOOKUP(_xlfn.CONCAT(AH3,"_",$A$3,"_",AG2,"_",Parámetros!$C$6),DATA_KPI!$A:$H,6,FALSE),0) -> 99782784 | AI30: =IFERROR(+(AH30/AG30)-1,0) -> -0.030690756 | AJ30: =IFERROR(VLOOKUP(_xlfn.CONCAT(AH3,"_",A3,"_",AG2,"_",Parámetros!$C$6),DATA_KPI_PRE!$A:$F,6,FALSE),0) -> 1.0278851e+08 | AK30: =IFERROR(+(AH30/AJ30)-1,0) -> -0.029241834 | AM30: =IFERROR(VLOOKUP(_xlfn.CONCAT($AM$3,"_",$A$3,"_",$AM$2,"_",Parámetros!$C$6),DATA_KPI!$A:$H,6,FALSE),0) -> 650514.82 | AN30: =IFERROR(VLOOKUP(_xlfn.CONCAT($AN$3,"_",$A$3,"_",$AM$2,"_",Parámetros!$C$6),DATA_KPI!$A:$H,6,FALSE),0) -> 933601.22 | AO30: =IFERROR(AN30/AM30,0) -> 1.4351729 | AP30: =IFERROR(VLOOKUP(_xlfn.CONCAT($AN$3,"_",A3,"_",$AM$2,"_",Parámetros!$C$6),DATA_KPI_PRE!$A:$F,6,FALSE),0) -> 925044.65 | AQ30: =IFERROR(+(AN30/AP30)-1,0) -> 0.0092499026 | AS30: =J30/D30 -> 0.67324176 | AT30: =P30/D30 -> 0.083632435 | AU30: =V30/D30 -> 0.0038080965 | AV30: =AB30/D30 -> 0.010813555 | AW30: =AH30/D30 -> 0.22638601 | AX30: =AN30/D30 -> 0.0021181435 | AY30: =SUM(AS30:AX30) -> 1
C31: =SUM(C4:C29) -> 4.7964702e+08 | D31: =SUM(D4:D29) -> 4.4076392e+08 | F31: =SUM(F4:F29) -> 4.7618158e+08 | I31: =SUM(I4:I29) -> 3.186799e+08 | J31: =SUM(J4:J29) -> 2.9674068e+08 | L31: =SUM(L4:L29) -> 3.0672008e+08 | O31: =SUM(O4:O29) -> 49089944 | P31: =SUM(P4:P29) -> 36862160 | R31: =SUM(R4:R29) -> 52928981 | U31: =SUM(U4:U29) -> 1402823.6 | V31: =SUM(V4:V29) -> 1678471.5 | X31: =SUM(X4:X29) -> 1688666.9 | AA31: =SUM(AA4:AA29) -> 6881679 | AB31: =SUM(AB4:AB29) -> 4766224.8 | AD31: =SUM(AD4:AD29) -> 11130302 | AG31: =SUM(AG4:AG29) -> 1.0294216e+08 | AH31: =SUM(AH4:AH29) -> 99782784 | AJ31: =SUM(AJ4:AJ29) -> 1.0278851e+08 | AM31: =SUM(AM4:AM29) -> 650514.82 | AN31: =SUM(AN4:AN29) -> 933601.22 | AP31: =SUM(AP4:AP29) -> 925044.65
A33: Eventos | B33: =IF(IFERROR(VLOOKUP(A33,DATA_KPI!$D:$H,5,FALSE),"")="",VLOOKUP(A33,DATA_KPI_PRE!$D:$H,5,FALSE),VLOOKUP(A33,DATA_KPI!$D:$H,5,FALSE)) -> G40 | C33: =IFERROR(VLOOKUP(_xlfn.CONCAT($C$3,"_",B33,"_",$C$2,"_",Parámetros!$C$6),DATA_KPI!$A:$H,6,FALSE),0) -> 0 | D33: =IFERROR(VLOOKUP(_xlfn.CONCAT($D$3,"_",B33,"_",$C$2,"_",Parámetros!$C$6),DATA_KPI!A:H,6,FALSE),0) -> 0 | E33: =IFERROR(+(D33/C33)-1,0) -> 0 | F33: =IFERROR(VLOOKUP(_xlfn.CONCAT($D$3,"_",B33,"_",$C$2,"_",Parámetros!$C$6),DATA_KPI_PRE!$A:$F,6,FALSE),0) -> 2912326.2 | G33: =IFERROR(+(D33/F33)-1,0) -> -1 | I33: =IFERROR(VLOOKUP(_xlfn.CONCAT($I$3,"_",B33,"_",$I$2,"_",Parámetros!$C$6),DATA_KPI!$A:$H,6,FALSE),0) -> 0 | J33: =IFERROR(VLOOKUP(_xlfn.CONCAT($J$3,"_",B33,"_",$I$2,"_",Parámetros!$C$6),DATA_KPI!$A:$H,6,FALSE),0) -> 0 | K33: =IFERROR(+(J33/I33)-1,0) -> 0 | L33: =IFERROR(VLOOKUP(_xlfn.CONCAT($J$3,"_",B33,"_",$I$2,"_",Parámetros!$C$6),DATA_KPI_PRE!A:F,6,FALSE),0) -> 2527056.5 | M33: =IFERROR(+(J33/L33)-1,0) -> -1 | O33: =IFERROR(VLOOKUP(_xlfn.CONCAT($O$3,"_",B33,"_",$O$2,"_",Parámetros!$C$6),DATA_KPI!$A:$H,6,FALSE),0) -> 0 | P33: =IFERROR(VLOOKUP(_xlfn.CONCAT($P$3,"_",B33,"_",$O$2,"_",Parámetros!$C$6),DATA_KPI!$A:$H,6,FALSE),0) -> 0 | Q33: =IFERROR(+(P33/O33)-1,0) -> 0 | R33: =IFERROR(VLOOKUP(_xlfn.CONCAT($P$3,"_",B33,"_",$O$2,"_",Parámetros!$C$6),DATA_KPI_PRE!A:F,6,FALSE),0) -> 385269.68 | S33: =IFERROR(+(P33/R33)-1,0) -> -1 | U33: =IFERROR(VLOOKUP(_xlfn.CONCAT($U$3,"_",B33,"_",$U$2,"_",Parámetros!$C$6),DATA_KPI!$A:$H,6,FALSE),0) -> 0 | V33: =IFERROR(VLOOKUP(_xlfn.CONCAT($V$3,"_",B33,"_",$U$2,"_",Parámetros!$C$6),DATA_KPI!$A:$H,6,FALSE),0) -> 0 | W33: =IFERROR(+(V33/U33)-1,0) -> 0 | X33: =IFERROR(VLOOKUP(_xlfn.CONCAT($V$3,"_",B33,"_",$U$2,"_",Parámetros!$C$6),DATA_KPI_PRE!A:F,6,FALSE),0) -> 0 | Y33: =IFERROR(+(V33/X33)-1,0) -> 0 | AA33: =IFERROR(VLOOKUP(_xlfn.CONCAT($AA$3,"_",B33,"_",$AA$2,"_",Parámetros!$C$6),DATA_KPI!$A:$H,6,FALSE),0) -> 0 | AB33: =IFERROR(VLOOKUP(_xlfn.CONCAT($AB$3,"_",B33,"_",$AA$2,"_",Parámetros!$C$6),DATA_KPI!$A:$H,6,FALSE),0) -> 0 | AC33: =IFERROR(+(AB33/AA33)-1,0) -> 0 | AD33: =IFERROR(VLOOKUP(_xlfn.CONCAT($AB$3,"_",B33,"_",$AA$2,"_",Parámetros!$C$6),DATA_KPI_PRE!A:F,6,FALSE),0) -> 0 | AE33: =IFERROR(+(AB33/AD33)-1,0) -> 0 | AG33: =IFERROR(VLOOKUP(_xlfn.CONCAT($AG$3,"_",B33,"_",$AG$2,"_",Parámetros!$C$6),DATA_KPI!$A:$H,6,FALSE),0) -> 0 | AH33: =IFERROR(VLOOKUP(_xlfn.CONCAT($AH$3,"_",B33,"_",$AG$2,"_",Parámetros!$C$6),DATA_KPI!$A:$H,6,FALSE),0) -> 0 | AI33: =IFERROR(+(AH33/AG33)-1,0) -> 0 | AJ33: =IFERROR(VLOOKUP(_xlfn.CONCAT($AH$3,"_",B33,"_",$AG$2,"_",Parámetros!$C$6),DATA_KPI_PRE!A:F,6,FALSE),0) -> 0 | AK33: =IFERROR(+(AH33/AJ33)-1,0) -> 0 | AM33: =IFERROR(VLOOKUP(_xlfn.CONCAT($AM$3,"_",B33,"_",$AM$2,"_",Parámetros!$C$6),DATA_KPI!$A:$H,6,FALSE),0) -> 0 | AN33: =IFERROR(VLOOKUP(_xlfn.CONCAT($AN$3,"_",B33,"_",$AM$2,"_",Parámetros!$C$6),DATA_KPI!$A:$H,6,FALSE),0) -> 0 | AO33: =IFERROR(+AN33/AM33,0) -> 0 | AP33: =IFERROR(VLOOKUP(_xlfn.CONCAT($AN$3,"_",B33,"_",$AM$2,"_",Parámetros!$C$6),DATA_KPI_PRE!A:F,6,FALSE),0) -> 0 | AQ33: =IFERROR(+(AN33/AP33)-1,0) -> 0 | AS33: =IFERROR(J33/D33,0) -> 0 | AT33: =IFERROR(P33/D33,0) -> 0 | AU33: =IFERROR(V33/D33,0) -> 0 | AV33: =IFERROR(AB33/D33,0) -> 0 | AW33: =IFERROR(AH33/D33,0) -> 0 | AX33: =IFERROR(AN33/D33,0) -> 0 | AY33: =SUM(AS33:AX33) -> 0
A35: Restaurantes Nuevos
A36: Mall San Pedro | B36: =IF(IFERROR(VLOOKUP(A36,DATA_KPI!$D:$H,5,FALSE),"")="",VLOOKUP(A36,DATA_KPI_PRE!$D:$H,5,FALSE),VLOOKUP(A36,DATA_KPI!$D:$H,5,FALSE)) -> S84 | C36: =IFERROR(VLOOKUP(_xlfn.CONCAT($C$3,"_",B36,"_",$C$2,"_",Parámetros!$C$6),DATA_KPI!$A:$H,6,FALSE),0) -> 0 | D36: =IFERROR(VLOOKUP(_xlfn.CONCAT($D$3,"_",B36,"_",$C$2,"_",Parámetros!$C$6),DATA_KPI!A:H,6,FALSE),0) -> 8064239.6 | E36: =IFERROR(+D36/C36,0) -> 0 | F36: =IFERROR(VLOOKUP(_xlfn.CONCAT($D$3,"_",B36,"_",$C$2,"_",Parámetros!$C$6),DATA_KPI_PRE!$A:$F,6,FALSE),0) -> 14821408 | G36: =IFERROR(+(D36/F36)-1,0) -> -0.45590597 | I36: =IFERROR(VLOOKUP(_xlfn.CONCAT($I$3,"_",B36,"_",$I$2,"_",Parámetros!$C$6),DATA_KPI!$A:$H,6,FALSE),0) -> 0 | J36: =IFERROR(VLOOKUP(_xlfn.CONCAT($J$3,"_",B36,"_",$I$2,"_",Parámetros!$C$6),DATA_KPI!$A:$H,6,FALSE),0) -> 7303179.5 | K36: =IFERROR(+J36/I36,0) -> 0 | L36: =IFERROR(VLOOKUP(_xlfn.CONCAT($J$3,"_",B36,"_",$I$2,"_",Parámetros!$C$6),DATA_KPI_PRE!A:F,6,FALSE),0) -> 14032051 | M36: =IFERROR(+(J36/L36)-1,0) -> -0.47953585 | O36: =IFERROR(VLOOKUP(_xlfn.CONCAT($O$3,"_",B36,"_",$O$2,"_",Parámetros!$C$6),DATA_KPI!$A:$H,6,FALSE),0) -> 0 | P36: =IFERROR(VLOOKUP(_xlfn.CONCAT($P$3,"_",B36,"_",$O$2,"_",Parámetros!$C$6),DATA_KPI!$A:$H,6,FALSE),0) -> 761060.13 | Q36: =IFERROR(+P36/O36,0) -> 0 | R36: =IFERROR(VLOOKUP(_xlfn.CONCAT($P$3,"_",B36,"_",$O$2,"_",Parámetros!$C$6),DATA_KPI_PRE!A:F,6,FALSE),0) -> 789356.81 | S36: =IFERROR(+(P36/R36)-1,0) -> -0.035847767 | U36: =IFERROR(VLOOKUP(_xlfn.CONCAT($U$3,"_",B36,"_",$U$2,"_",Parámetros!$C$6),DATA_KPI!$A:$H,6,FALSE),0) -> 0 | V36: =IFERROR(VLOOKUP(_xlfn.CONCAT($V$3,"_",B36,"_",$U$2,"_",Parámetros!$C$6),DATA_KPI!$A:$H,6,FALSE),0) -> 0 | W36: =IFERROR(+V36/U36,0) -> 0 | X36: =IFERROR(VLOOKUP(_xlfn.CONCAT($V$3,"_",B36,"_",$U$2,"_",Parámetros!$C$6),DATA_KPI_PRE!A:F,6,FALSE),0) -> 0 | Y36: =IFERROR(+(V36/X36)-1,0) -> 0 | AA36: =IFERROR(VLOOKUP(_xlfn.CONCAT($AA$3,"_",B36,"_",$AA$2,"_",Parámetros!$C$6),DATA_KPI!$A:$H,6,FALSE),0) -> 0 | AB36: =IFERROR(VLOOKUP(_xlfn.CONCAT($AB$3,"_",B36,"_",$AA$2,"_",Parámetros!$C$6),DATA_KPI!$A:$H,6,FALSE),0) -> 0 | AC36: =IFERROR(+AB36/AA36,0) -> 0 | AD36: =IFERROR(VLOOKUP(_xlfn.CONCAT($AB$3,"_",B36,"_",$AA$2,"_",Parámetros!$C$6),DATA_KPI_PRE!A:F,6,FALSE),0) -> 0 | AE36: =IFERROR(+(AB36/AD36)-1,0) -> 0 | AG36: =IFERROR(VLOOKUP(_xlfn.CONCAT($AG$3,"_",B36,"_",$AG$2,"_",Parámetros!$C$6),DATA_KPI!$A:$H,6,FALSE),0) -> 0 | AH36: =IFERROR(VLOOKUP(_xlfn.CONCAT($AH$3,"_",B36,"_",$AG$2,"_",Parámetros!$C$6),DATA_KPI!$A:$H,6,FALSE),0) -> 0 | AI36: =IFERROR(+AH36/AG36,0) -> 0 | AJ36: =IFERROR(VLOOKUP(_xlfn.CONCAT($AH$3,"_",B36,"_",$AG$2,"_",Parámetros!$C$6),DATA_KPI_PRE!A:F,6,FALSE),0) -> 0 | AK36: =IFERROR(+(AH36/AJ36)-1,0) -> 0 | AM36: =IFERROR(VLOOKUP(_xlfn.CONCAT($AM$3,"_",B36,"_",$AM$2,"_",Parámetros!$C$6),DATA_KPI!$A:$H,6,FALSE),0) -> 0 | AN36: =IFERROR(VLOOKUP(_xlfn.CONCAT($AN$3,"_",B36,"_",$AM$2,"_",Parámetros!$C$6),DATA_KPI!$A:$H,6,FALSE),0) -> 0 | AO36: =IFERROR(+AN36/AM36,0) -> 0 | AP36: =IFERROR(VLOOKUP(_xlfn.CONCAT($AN$3,"_",B36,"_",$AM$2,"_",Parámetros!$C$6),DATA_KPI_PRE!A:F,6,FALSE),0) -> 0 | AQ36: =IFERROR(+(AN36/AP36)-1,0) -> 0 | AS36: =IFERROR(J36/D36,0) -> 0.90562531 | AT36: =IFERROR(P36/D36,0) -> 0.094374692 | AU36: =IFERROR(V36/D36,0) -> 0 | AV36: =IFERROR(AB36/D36,0) -> 0 | AW36: =IFERROR(AH36/D36,0) -> 0 | AX36: =IFERROR(AN36/D36,0) -> 0 | AY36: =SUM(AS36:AX36) -> 1
A37: Multicentro | B37: =IF(IFERROR(VLOOKUP(A37,DATA_KPI!$D:$H,5,FALSE),"")="",VLOOKUP(A37,DATA_KPI_PRE!$D:$H,5,FALSE),VLOOKUP(A37,DATA_KPI!$D:$H,5,FALSE)) -> S85 | C37: =IFERROR(VLOOKUP(_xlfn.CONCAT($C$3,"_",B37,"_",$C$2,"_",Parámetros!$C$6),DATA_KPI!$A:$H,6,FALSE),0) -> 0 | D37: =IFERROR(VLOOKUP(_xlfn.CONCAT($D$3,"_",B37,"_",$C$2,"_",Parámetros!$C$6),DATA_KPI!A:H,6,FALSE),0) -> 7492938 | E37: =IFERROR(+D37/C37,0) -> 0 | F37: =IFERROR(VLOOKUP(_xlfn.CONCAT($D$3,"_",B37,"_",$C$2,"_",Parámetros!$C$6),DATA_KPI_PRE!$A:$F,6,FALSE),0) -> 10353560 | G37: =IFERROR(+(D37/F37)-1,0) -> -0.27629358 | I37: =IFERROR(VLOOKUP(_xlfn.CONCAT($I$3,"_",B37,"_",$I$2,"_",Parámetros!$C$6),DATA_KPI!$A:$H,6,FALSE),0) -> 0 | J37: =IFERROR(VLOOKUP(_xlfn.CONCAT($J$3,"_",B37,"_",$I$2,"_",Parámetros!$C$6),DATA_KPI!$A:$H,6,FALSE),0) -> 7291624.7 | K37: =IFERROR(+J37/I37,0) -> 0 | L37: =IFERROR(VLOOKUP(_xlfn.CONCAT($J$3,"_",B37,"_",$I$2,"_",Parámetros!$C$6),DATA_KPI_PRE!A:F,6,FALSE),0) -> 9741976 | M37: =IFERROR(+(J37/L37)-1,0) -> -0.25152509 | O37: =IFERROR(VLOOKUP(_xlfn.CONCAT($O$3,"_",B37,"_",$O$2,"_",Parámetros!$C$6),DATA_KPI!$A:$H,6,FALSE),0) -> 0 | P37: =IFERROR(VLOOKUP(_xlfn.CONCAT($P$3,"_",B37,"_",$O$2,"_",Parámetros!$C$6),DATA_KPI!$A:$H,6,FALSE),0) -> 201313.32 | Q37: =IFERROR(+P37/O37,0) -> 0 | R37: =IFERROR(VLOOKUP(_xlfn.CONCAT($P$3,"_",B37,"_",$O$2,"_",Parámetros!$C$6),DATA_KPI_PRE!A:F,6,FALSE),0) -> 611584.11 | S37: =IFERROR(+(P37/R37)-1,0) -> -0.67083298 | U37: =IFERROR(VLOOKUP(_xlfn.CONCAT($U$3,"_",B37,"_",$U$2,"_",Parámetros!$C$6),DATA_KPI!$A:$H,6,FALSE),0) -> 0 | V37: =IFERROR(VLOOKUP(_xlfn.CONCAT($V$3,"_",B37,"_",$U$2,"_",Parámetros!$C$6),DATA_KPI!$A:$H,6,FALSE),0) -> 0 | W37: =IFERROR(+V37/U37,0) -> 0 | X37: =IFERROR(VLOOKUP(_xlfn.CONCAT($V$3,"_",B37,"_",$U$2,"_",Parámetros!$C$6),DATA_KPI_PRE!A:F,6,FALSE),0) -> 0 | Y37: =IFERROR(+(V37/X37)-1,0) -> 0 | AA37: =IFERROR(VLOOKUP(_xlfn.CONCAT($AA$3,"_",B37,"_",$AA$2,"_",Parámetros!$C$6),DATA_KPI!$A:$H,6,FALSE),0) -> 0 | AB37: =IFERROR(VLOOKUP(_xlfn.CONCAT($AB$3,"_",B37,"_",$AA$2,"_",Parámetros!$C$6),DATA_KPI!$A:$H,6,FALSE),0) -> 0 | AC37: =IFERROR(+AB37/AA37,0) -> 0 | AD37: =IFERROR(VLOOKUP(_xlfn.CONCAT($AB$3,"_",B37,"_",$AA$2,"_",Parámetros!$C$6),DATA_KPI_PRE!A:F,6,FALSE),0) -> 0 | AE37: =IFERROR(+(AB37/AD37)-1,0) -> 0 | AG37: =IFERROR(VLOOKUP(_xlfn.CONCAT($AG$3,"_",B37,"_",$AG$2,"_",Parámetros!$C$6),DATA_KPI!$A:$H,6,FALSE),0) -> 0 | AH37: =IFERROR(VLOOKUP(_xlfn.CONCAT($AH$3,"_",B37,"_",$AG$2,"_",Parámetros!$C$6),DATA_KPI!$A:$H,6,FALSE),0) -> 0 | AI37: =IFERROR(+AH37/AG37,0) -> 0 | AJ37: =IFERROR(VLOOKUP(_xlfn.CONCAT($AH$3,"_",B37,"_",$AG$2,"_",Parámetros!$C$6),DATA_KPI_PRE!A:F,6,FALSE),0) -> 0 | AK37: =IFERROR(+(AH37/AJ37)-1,0) -> 0 | AM37: =IFERROR(VLOOKUP(_xlfn.CONCAT($AM$3,"_",B37,"_",$AM$2,"_",Parámetros!$C$6),DATA_KPI!$A:$H,6,FALSE),0) -> 0 | AN37: =IFERROR(VLOOKUP(_xlfn.CONCAT($AN$3,"_",B37,"_",$AM$2,"_",Parámetros!$C$6),DATA_KPI!$A:$H,6,FALSE),0) -> 0 | AO37: =IFERROR(+AN37/AM37,0) -> 0 | AP37: =IFERROR(VLOOKUP(_xlfn.CONCAT($AN$3,"_",B37,"_",$AM$2,"_",Parámetros!$C$6),DATA_KPI_PRE!A:F,6,FALSE),0) -> 0 | AQ37: =IFERROR(+(AN37/AP37)-1,0) -> 0 | AS37: =IFERROR(J37/D37,0) -> 0.97313293 | AT37: =IFERROR(P37/D37,0) -> 0.026867074 | AU37: =IFERROR(V37/D37,0) -> 0 | AV37: =IFERROR(AB37/D37,0) -> 0 | AW37: =IFERROR(AH37/D37,0) -> 0 | AX37: =IFERROR(AN37/D37,0) -> 0 | AY37: =SUM(AS37:AX37) -> 1
A38: Ventanita San Isidro | B38: V26 | C38: =IFERROR(VLOOKUP(_xlfn.CONCAT($C$3,"_",B38,"_",$C$2,"_",Parámetros!$C$6),DATA_KPI!$A:$H,6,FALSE),0) -> 0 | D38: =IFERROR(VLOOKUP(_xlfn.CONCAT($D$3,"_",B38,"_",$C$2,"_",Parámetros!$C$6),DATA_KPI!A:H,6,FALSE),0) -> 1611443.5 | E38: =IFERROR(+D38/C38,0) -> 0 | F38: =IFERROR(VLOOKUP(_xlfn.CONCAT($D$3,"_",B38,"_",$C$2,"_",Parámetros!$C$6),DATA_KPI_PRE!$A:$F,6,FALSE),0) -> 2892062.6 | G38: =IFERROR(+(D38/F38)-1,0) -> -0.44280478 | I38: =IFERROR(VLOOKUP(_xlfn.CONCAT($I$3,"_",B38,"_",$I$2,"_",Parámetros!$C$6),DATA_KPI!$A:$H,6,FALSE),0) -> 0 | J38: =IFERROR(VLOOKUP(_xlfn.CONCAT($J$3,"_",B38,"_",$I$2,"_",Parámetros!$C$6),DATA_KPI!$A:$H,6,FALSE),0) -> 1611443.5 | K38: =IFERROR(+J38/I38,0) -> 0 | L38: =IFERROR(VLOOKUP(_xlfn.CONCAT($J$3,"_",B38,"_",$I$2,"_",Parámetros!$C$6),DATA_KPI_PRE!A:F,6,FALSE),0) -> 0 | M38: =IFERROR(+(J38/L38)-1,0) -> 0 | O38: =IFERROR(VLOOKUP(_xlfn.CONCAT($O$3,"_",B38,"_",$O$2,"_",Parámetros!$C$6),DATA_KPI!$A:$H,6,FALSE),0) -> 0 | P38: =IFERROR(VLOOKUP(_xlfn.CONCAT($P$3,"_",B38,"_",$O$2,"_",Parámetros!$C$6),DATA_KPI!$A:$H,6,FALSE),0) -> 0 | Q38: =IFERROR(+P38/O38,0) -> 0 | R38: =IFERROR(VLOOKUP(_xlfn.CONCAT($P$3,"_",B38,"_",$O$2,"_",Parámetros!$C$6),DATA_KPI_PRE!A:F,6,FALSE),0) -> 2892062.6 | S38: =IFERROR(+(P38/R38)-1,0) -> -1 | U38: =IFERROR(VLOOKUP(_xlfn.CONCAT($U$3,"_",B38,"_",$U$2,"_",Parámetros!$C$6),DATA_KPI!$A:$H,6,FALSE),0) -> 0 | V38: =IFERROR(VLOOKUP(_xlfn.CONCAT($V$3,"_",B38,"_",$U$2,"_",Parámetros!$C$6),DATA_KPI!$A:$H,6,FALSE),0) -> 0 | W38: =IFERROR(+V38/U38,0) -> 0 | X38: =IFERROR(VLOOKUP(_xlfn.CONCAT($V$3,"_",B38,"_",$U$2,"_",Parámetros!$C$6),DATA_KPI_PRE!A:F,6,FALSE),0) -> 0 | Y38: =IFERROR(+(V38/X38)-1,0) -> 0 | AA38: =IFERROR(VLOOKUP(_xlfn.CONCAT($AA$3,"_",B38,"_",$AA$2,"_",Parámetros!$C$6),DATA_KPI!$A:$H,6,FALSE),0) -> 0 | AB38: =IFERROR(VLOOKUP(_xlfn.CONCAT($AB$3,"_",B38,"_",$AA$2,"_",Parámetros!$C$6),DATA_KPI!$A:$H,6,FALSE),0) -> 0 | AC38: =IFERROR(+AB38/AA38,0) -> 0 | AD38: =IFERROR(VLOOKUP(_xlfn.CONCAT($AB$3,"_",B38,"_",$AA$2,"_",Parámetros!$C$6),DATA_KPI_PRE!A:F,6,FALSE),0) -> 0 | AE38: =IFERROR(+(AB38/AD38)-1,0) -> 0 | AG38: =IFERROR(VLOOKUP(_xlfn.CONCAT($AG$3,"_",B38,"_",$AG$2,"_",Parámetros!$C$6),DATA_KPI!$A:$H,6,FALSE),0) -> 0 | AH38: =IFERROR(VLOOKUP(_xlfn.CONCAT($AH$3,"_",B38,"_",$AG$2,"_",Parámetros!$C$6),DATA_KPI!$A:$H,6,FALSE),0) -> 0 | AI38: =IFERROR(+AH38/AG38,0) -> 0 | AJ38: =IFERROR(VLOOKUP(_xlfn.CONCAT($AH$3,"_",B38,"_",$AG$2,"_",Parámetros!$C$6),DATA_KPI_PRE!A:F,6,FALSE),0) -> 0 | AK38: =IFERROR(+(AH38/AJ38)-1,0) -> 0 | AM38: =IFERROR(VLOOKUP(_xlfn.CONCAT($AM$3,"_",B38,"_",$AM$2,"_",Parámetros!$C$6),DATA_KPI!$A:$H,6,FALSE),0) -> 0 | AN38: =IFERROR(VLOOKUP(_xlfn.CONCAT($AN$3,"_",B38,"_",$AM$2,"_",Parámetros!$C$6),DATA_KPI!$A:$H,6,FALSE),0) -> 0 | AO38: =IFERROR(+AN38/AM38,0) -> 0 | AP38: =IFERROR(VLOOKUP(_xlfn.CONCAT($AN$3,"_",B38,"_",$AM$2,"_",Parámetros!$C$6),DATA_KPI_PRE!A:F,6,FALSE),0) -> 0 | AQ38: =IFERROR(+(AN38/AP38)-1,0) -> 0 | AS38: =IFERROR(J38/D38,0) -> 1 | AT38: =IFERROR(P38/D38,0) -> 0 | AU38: =IFERROR(V38/D38,0) -> 0 | AV38: =IFERROR(AB38/D38,0) -> 0 | AW38: =IFERROR(AH38/D38,0) -> 0 | AX38: =IFERROR(AN38/D38,0) -> 0 | AY38: =SUM(AS38:AX38) -> 1
A39: TOTAL | C39: =IFERROR(VLOOKUP(_xlfn.CONCAT($C$3,"_",A35,"_",$C$2,"_",Parámetros!$C$6),DATA_KPI!$A:$H,6,FALSE),0) -> 0 | D39: =IFERROR(VLOOKUP(_xlfn.CONCAT(D3,"_",A35,"_",$C$2,"_",Parámetros!$C$6),DATA_KPI!$A:$H,6,FALSE),0) -> 17168621 | E39: =IFERROR(D39/C39,0) -> 0 | F39: =IFERROR(VLOOKUP(_xlfn.CONCAT($D$3,"_",A35,"_",$C$2,"_",Parámetros!$C$6),DATA_KPI_PRE!$A:$F,6,FALSE),0) -> 28067031 | G39: =IFERROR(+(D39/F39)-1,0) -> -0.38829934 | I39: =IFERROR(VLOOKUP(_xlfn.CONCAT($I$3,"_",A35,"_",$I$2,"_",Parámetros!$C$6),DATA_KPI!$A:$H,6,FALSE),0) -> 0 | J39: =IFERROR(VLOOKUP(_xlfn.CONCAT(J3,"_",A35,"_",$I$2,"_",Parámetros!$C$6),DATA_KPI!$A:$H,6,FALSE),0) -> 16206248 | K39: =IFERROR(J39/I39,0) -> 0 | L39: =IFERROR(VLOOKUP(_xlfn.CONCAT(J3,"_",A35,"_",I2,"_",Parámetros!$C$6),DATA_KPI_PRE!$A:$F,6,FALSE),0) -> 23774027 | M39: =IFERROR(+(J39/L39)-1,0) -> -0.31832131 | O39: =IFERROR(VLOOKUP(_xlfn.CONCAT(O3,"_",A35,"_",O2,"_",Parámetros!$C$6),DATA_KPI!$A:$H,6,FALSE),0) -> 0 | P39: =IFERROR(VLOOKUP(_xlfn.CONCAT(P3,"_",A35,"_",O2,"_",Parámetros!$C$6),DATA_KPI!$A:$H,6,FALSE),0) -> 962373.45 | Q39: =IFERROR(P39/O39,0) -> 0 | R39: =IFERROR(VLOOKUP(_xlfn.CONCAT(P3,"_",A35,"_",O2,"_",Parámetros!$C$6),DATA_KPI_PRE!$A:$F,6,FALSE),0) -> 4293003.5 | S39: =IFERROR(+(P39/R39)-1,0) -> -0.77582747 | U39: =IFERROR(VLOOKUP(_xlfn.CONCAT(U3,"_",A35,"_",U2,"_",Parámetros!$C$6),DATA_KPI!$A:$H,6,FALSE),0) -> 0 | V39: =IFERROR(VLOOKUP(_xlfn.CONCAT(V3,"_",A35,"_",U2,"_",Parámetros!$C$6),DATA_KPI!$A:$H,6,FALSE),0) -> 0 | W39: =IFERROR(V39/U39,0) -> 0 | X39: =IFERROR(VLOOKUP(_xlfn.CONCAT(V3,"_",A35,"_",U2,"_",Parámetros!$C$6),DATA_KPI_PRE!$A:$F,6,FALSE),0) -> 0 | Y39: =IFERROR(+(V39/X39)-1,0) -> 0 | AA39: =IFERROR(VLOOKUP(_xlfn.CONCAT(AA3,"_",A35,"_",AA2,"_",Parámetros!$C$6),DATA_KPI!$A:$H,6,FALSE),0) -> 0 | AB39: =IFERROR(VLOOKUP(_xlfn.CONCAT(AB3,"_",A35,"_",AA2,"_",Parámetros!$C$6),DATA_KPI!$A:$H,6,FALSE),0) -> 0 | AC39: =IFERROR(AB39/AA39,0) -> 0 | AD39: =IFERROR(VLOOKUP(_xlfn.CONCAT(AB3,"_",A35,"_",AA2,"_",Parámetros!$C$6),DATA_KPI_PRE!$A:$F,6,FALSE),0) -> 0 | AE39: =IFERROR(+(AB39/AD39)-1,0) -> 0 | AG39: =IFERROR(VLOOKUP(_xlfn.CONCAT(AG3,"_",A35,"_",AG2,"_",Parámetros!$C$6),DATA_KPI!$A:$H,6,FALSE),0) -> 0 | AH39: =IFERROR(VLOOKUP(_xlfn.CONCAT(AH3,"_",A35,"_",AG2,"_",Parámetros!$C$6),DATA_KPI!$A:$H,6,FALSE),0) -> 0 | AI39: =IFERROR(AH39/AG39,0) -> 0 | AJ39: =IFERROR(VLOOKUP(_xlfn.CONCAT(AH3,"_",A35,"_",AG2,"_",Parámetros!$C$6),DATA_KPI_PRE!$A:$F,6,FALSE),0) -> 0 | AK39: =IFERROR(+(AH39/AJ39)-1,0) -> 0 | AM39: =IFERROR(VLOOKUP(_xlfn.CONCAT($AM$3,"_",$A$35,"_",$AM$2,"_",Parámetros!$C$6),DATA_KPI!$A:$H,6,FALSE),0) -> 0 | AN39: =IFERROR(VLOOKUP(_xlfn.CONCAT($AN$3,"_",A35,"_",$AM$2,"_",Parámetros!$C$6),DATA_KPI!$A:$H,6,FALSE),0) -> 0 | AO39: =IFERROR(AN39/AM39,0) -> 0 | AP39: =IFERROR(VLOOKUP(_xlfn.CONCAT(AH3,"_",A35,"_",AM2,"_",Parámetros!$C$6),DATA_KPI_PRE!$A:$F,6,FALSE),0) -> 0 | AQ39: =IFERROR(+(AN39/AP39)-1,0) -> 0 | AS39: =J39/D39 -> 0.94394579 | AT39: =P39/D39 -> 0.056054208 | AU39: =V39/D39 -> 0 | AV39: =AB39/D39 -> 0 | AW39: =AH39/D39 -> 0 | AX39: =AN39/D39 -> 0 | AY39: =SUM(AS39:AX39) -> 1
D40: =SUM(D36:D38) -> 17168621 | F40: =SUM(F36:F38) -> 28067031 | J40: =SUM(J36:J38) -> 16206248 | L40: =SUM(L36:L38) -> 23774027 | P40: =SUM(P36:P38) -> 962373.45 | R40: =SUM(R36:R38) -> 4293003.5 | U40: =SUM(U36:U38) -> 0 | V40: =SUM(V36:V38) -> 0 | X40: =SUM(X36:X38) -> 0 | AA40: =SUM(AA36:AA38) -> 0 | AB40: =SUM(AB36:AB38) -> 0 | AD40: =SUM(AD36:AD38) -> 0 | AG40: =SUM(AG36:AG38) -> 0 | AH40: =SUM(AH36:AH38) -> 0 | AJ40: =SUM(AJ36:AJ38) -> 0 | AM40: =SUM(AM36:AM38) -> 0 | AN40: =SUM(AN36:AN38) -> 0 | AP40: =SUM(AP36:AP38) -> 0
A41: Ventanitas
A42: Ventanita Ayarco | B42: =IF(IFERROR(VLOOKUP(A42,DATA_KPI!$D:$H,5,FALSE),"")="",VLOOKUP(A42,DATA_KPI_PRE!$D:$H,5,FALSE),VLOOKUP(A42,DATA_KPI!$D:$H,5,FALSE)) -> V11 | C42: =IFERROR(VLOOKUP(_xlfn.CONCAT($C$3,"_",B42,"_",$C$2,"_",Parámetros!$C$6),DATA_KPI!$A:$H,6,FALSE),0) -> 3722361.5 | D42: =IFERROR(VLOOKUP(_xlfn.CONCAT($D$3,"_",B42,"_",$C$2,"_",Parámetros!$C$6),DATA_KPI!A:H,6,FALSE),0) -> 3320240.4 | E42: =IFERROR(+(D42/C42)-1,0) -> -0.1080285 | F42: =IFERROR(VLOOKUP(_xlfn.CONCAT($D$3,"_",B42,"_",$C$2,"_",Parámetros!$C$6),DATA_KPI_PRE!$A:$F,6,FALSE),0) -> 3826664.6 | G42: =IFERROR(+(D42/F42)-1,0) -> -0.13234091 | I42: =IFERROR(VLOOKUP(_xlfn.CONCAT($I$3,"_",B42,"_",$I$2,"_",Parámetros!$C$6),DATA_KPI!$A:$H,6,FALSE),0) -> 2315637.8 | J42: =IFERROR(VLOOKUP(_xlfn.CONCAT($J$3,"_",B42,"_",$I$2,"_",Parámetros!$C$6),DATA_KPI!$A:$H,6,FALSE),0) -> 2155611.9 | K42: =IFERROR(+(J42/I42)-1,0) -> -0.069106641 | L42: =IFERROR(VLOOKUP(_xlfn.CONCAT($J$3,"_",B42,"_",$I$2,"_",Parámetros!$C$6),DATA_KPI_PRE!A:F,6,FALSE),0) -> 0 | M42: =IFERROR(+(J42/L42)-1,0) -> 0 | O42: =IFERROR(VLOOKUP(_xlfn.CONCAT($O$3,"_",B42,"_",$O$2,"_",Parámetros!$C$6),DATA_KPI!$A:$H,6,FALSE),0) -> 0 | P42: =IFERROR(VLOOKUP(_xlfn.CONCAT($P$3,"_",B42,"_",$O$2,"_",Parámetros!$C$6),DATA_KPI!$A:$H,6,FALSE),0) -> 38185.87 | Q42: =IFERROR(+(P42/O42)-1,0) -> 0 | R42: =IFERROR(VLOOKUP(_xlfn.CONCAT($P$3,"_",B42,"_",$O$2,"_",Parámetros!$C$6),DATA_KPI_PRE!A:F,6,FALSE),0) -> 2468910.1 | S42: =IFERROR(+(P42/R42)-1,0) -> -0.98453331 | U42: =IFERROR(VLOOKUP(_xlfn.CONCAT($U$3,"_",B42,"_",$U$2,"_",Parámetros!$C$6),DATA_KPI!$A:$H,6,FALSE),0) -> 0 | V42: =IFERROR(VLOOKUP(_xlfn.CONCAT($V$3,"_",B42,"_",$U$2,"_",Parámetros!$C$6),DATA_KPI!$A:$H,6,FALSE),0) -> 0 | W42: =IFERROR(+(V42/U42)-1,0) -> 0 | X42: =IFERROR(VLOOKUP(_xlfn.CONCAT($V$3,"_",B42,"_",$U$2,"_",Parámetros!$C$6),DATA_KPI_PRE!A:F,6,FALSE),0) -> 0 | Y42: =IFERROR(+(V42/X42)-1,0) -> 0 | AA42: =IFERROR(VLOOKUP(_xlfn.CONCAT($AA$3,"_",B42,"_",$AA$2,"_",Parámetros!$C$6),DATA_KPI!$A:$H,6,FALSE),0) -> 0 | AB42: =IFERROR(VLOOKUP(_xlfn.CONCAT($AB$3,"_",B42,"_",$AA$2,"_",Parámetros!$C$6),DATA_KPI!$A:$H,6,FALSE),0) -> 0 | AC42: =IFERROR(+(AB42/AA42)-1,0) -> 0 | AD42: =IFERROR(VLOOKUP(_xlfn.CONCAT($AB$3,"_",B42,"_",$AA$2,"_",Parámetros!$C$6),DATA_KPI_PRE!A:F,6,FALSE),0) -> 0 | AE42: =IFERROR(+(AB42/AD42)-1,0) -> 0 | AG42: =IFERROR(VLOOKUP(_xlfn.CONCAT($AG$3,"_",B42,"_",$AG$2,"_",Parámetros!$C$6),DATA_KPI!$A:$H,6,FALSE),0) -> 1406723.7 | AH42: =IFERROR(VLOOKUP(_xlfn.CONCAT($AH$3,"_",B42,"_",$AG$2,"_",Parámetros!$C$6),DATA_KPI!$A:$H,6,FALSE),0) -> 1126442.6 | AI42: =IFERROR(+(AH42/AG42)-1,0) -> -0.19924386 | AJ42: =IFERROR(VLOOKUP(_xlfn.CONCAT($AH$3,"_",B42,"_",$AG$2,"_",Parámetros!$C$6),DATA_KPI_PRE!A:F,6,FALSE),0) -> 1357754.6 | AK42: =IFERROR(+(AH42/AJ42)-1,0) -> -0.17036358 | AM42: =IFERROR(VLOOKUP(_xlfn.CONCAT($AM$3,"_",B42,"_",$AM$2,"_",Parámetros!$C$6),DATA_KPI!$A:$H,6,FALSE),0) -> 0 | AN42: =IFERROR(VLOOKUP(_xlfn.CONCAT($AN$3,"_",B42,"_",$AM$2,"_",Parámetros!$C$6),DATA_KPI!$A:$H,6,FALSE),0) -> 0 | AO42: =IFERROR(+AN42/AM42,0) -> 0 | AP42: =IFERROR(VLOOKUP(_xlfn.CONCAT($AN$3,"_",B42,"_",$AM$2,"_",Parámetros!$C$6),DATA_KPI_PRE!A:F,6,FALSE),0) -> 0 | AQ42: =IFERROR(+(AN42/AP42)-1,0) -> 0 | AS42: =J42/D42 -> 0.64923368 | AT42: =P42/D42 -> 0.011500935 | AU42: =V42/D42 -> 0 | AV42: =AB42/D42 -> 0 | AW42: =AH42/D42 -> 0.33926539 | AX42: =AN42/D42 -> 0 | AY42: =SUM(AS42:AX42) -> 1
A43: Ventanita Cartago | B43: =IF(IFERROR(VLOOKUP(A43,DATA_KPI!$D:$H,5,FALSE),"")="",VLOOKUP(A43,DATA_KPI_PRE!$D:$H,5,FALSE),VLOOKUP(A43,DATA_KPI!$D:$H,5,FALSE)) -> V05 | C43: =IFERROR(VLOOKUP(_xlfn.CONCAT($C$3,"_",B43,"_",$C$2,"_",Parámetros!$C$6),DATA_KPI!$A:$H,6,FALSE),0) -> 3480893.9 | D43: =IFERROR(VLOOKUP(_xlfn.CONCAT($D$3,"_",B43,"_",$C$2,"_",Parámetros!$C$6),DATA_KPI!A:H,6,FALSE),0) -> 3281948.3 | E43: =IFERROR(+(D43/C43)-1,0) -> -0.057153597 | F43: =IFERROR(VLOOKUP(_xlfn.CONCAT($D$3,"_",B43,"_",$C$2,"_",Parámetros!$C$6),DATA_KPI_PRE!$A:$F,6,FALSE),0) -> 3603754.6 | G43: =IFERROR(+(D43/F43)-1,0) -> -0.089297493 | I43: =IFERROR(VLOOKUP(_xlfn.CONCAT($I$3,"_",B43,"_",$I$2,"_",Parámetros!$C$6),DATA_KPI!$A:$H,6,FALSE),0) -> 1782062.6 | J43: =IFERROR(VLOOKUP(_xlfn.CONCAT($J$3,"_",B43,"_",$I$2,"_",Parámetros!$C$6),DATA_KPI!$A:$H,6,FALSE),0) -> 1534346 | K43: =IFERROR(+(J43/I43)-1,0) -> -0.13900556 | L43: =IFERROR(VLOOKUP(_xlfn.CONCAT($J$3,"_",B43,"_",$I$2,"_",Parámetros!$C$6),DATA_KPI_PRE!A:F,6,FALSE),0) -> 0 | M43: =IFERROR(+(J43/L43)-1,0) -> 0 | O43: =IFERROR(VLOOKUP(_xlfn.CONCAT($O$3,"_",B43,"_",$O$2,"_",Parámetros!$C$6),DATA_KPI!$A:$H,6,FALSE),0) -> 0 | P43: =IFERROR(VLOOKUP(_xlfn.CONCAT($P$3,"_",B43,"_",$O$2,"_",Parámetros!$C$6),DATA_KPI!$A:$H,6,FALSE),0) -> 0 | Q43: =IFERROR(+(P43/O43)-1,0) -> 0 | R43: =IFERROR(VLOOKUP(_xlfn.CONCAT($P$3,"_",B43,"_",$O$2,"_",Parámetros!$C$6),DATA_KPI_PRE!A:F,6,FALSE),0) -> 1857916.2 | S43: =IFERROR(+(P43/R43)-1,0) -> -1 | U43: =IFERROR(VLOOKUP(_xlfn.CONCAT($U$3,"_",B43,"_",$U$2,"_",Parámetros!$C$6),DATA_KPI!$A:$H,6,FALSE),0) -> 0 | V43: =IFERROR(VLOOKUP(_xlfn.CONCAT($V$3,"_",B43,"_",$U$2,"_",Parámetros!$C$6),DATA_KPI!$A:$H,6,FALSE),0) -> 0 | W43: =IFERROR(+(V43/U43)-1,0) -> 0 | X43: =IFERROR(VLOOKUP(_xlfn.CONCAT($V$3,"_",B43,"_",$U$2,"_",Parámetros!$C$6),DATA_KPI_PRE!A:F,6,FALSE),0) -> 0 | Y43: =IFERROR(+(V43/X43)-1,0) -> 0 | AA43: =IFERROR(VLOOKUP(_xlfn.CONCAT($AA$3,"_",B43,"_",$AA$2,"_",Parámetros!$C$6),DATA_KPI!$A:$H,6,FALSE),0) -> 0 | AB43: =IFERROR(VLOOKUP(_xlfn.CONCAT($AB$3,"_",B43,"_",$AA$2,"_",Parámetros!$C$6),DATA_KPI!$A:$H,6,FALSE),0) -> 0 | AC43: =IFERROR(+(AB43/AA43)-1,0) -> 0 | AD43: =IFERROR(VLOOKUP(_xlfn.CONCAT($AB$3,"_",B43,"_",$AA$2,"_",Parámetros!$C$6),DATA_KPI_PRE!A:F,6,FALSE),0) -> 0 | AE43: =IFERROR(+(AB43/AD43)-1,0) -> 0 | AG43: =IFERROR(VLOOKUP(_xlfn.CONCAT($AG$3,"_",B43,"_",$AG$2,"_",Parámetros!$C$6),DATA_KPI!$A:$H,6,FALSE),0) -> 1698831.4 | AH43: =IFERROR(VLOOKUP(_xlfn.CONCAT($AH$3,"_",B43,"_",$AG$2,"_",Parámetros!$C$6),DATA_KPI!$A:$H,6,FALSE),0) -> 1747602.4 | AI43: =IFERROR(+(AH43/AG43)-1,0) -> 0.028708558 | AJ43: =IFERROR(VLOOKUP(_xlfn.CONCAT($AH$3,"_",B43,"_",$AG$2,"_",Parámetros!$C$6),DATA_KPI_PRE!A:F,6,FALSE),0) -> 1745838.3 | AK43: =IFERROR(+(AH43/AJ43)-1,0) -> 0.0010104261 | AM43: =IFERROR(VLOOKUP(_xlfn.CONCAT($AM$3,"_",B43,"_",$AM$2,"_",Parámetros!$C$6),DATA_KPI!$A:$H,6,FALSE),0) -> 0 | AN43: =IFERROR(VLOOKUP(_xlfn.CONCAT($AN$3,"_",B43,"_",$AM$2,"_",Parámetros!$C$6),DATA_KPI!$A:$H,6,FALSE),0) -> 0 | AO43: =IFERROR(+AN43/AM43,0) -> 0 | AP43: =IFERROR(VLOOKUP(_xlfn.CONCAT($AN$3,"_",B43,"_",$AM$2,"_",Parámetros!$C$6),DATA_KPI_PRE!A:F,6,FALSE),0) -> 0 | AQ43: =IFERROR(+(AN43/AP43)-1,0) -> 0 | AS43: =J43/D43 -> 0.4675107 | AT43: =P43/D43 -> 0 | AU43: =V43/D43 -> 0 | AV43: =AB43/D43 -> 0 | AW43: =AH43/D43 -> 0.5324893 | AX43: =AN43/D43 -> 0 | AY43: =SUM(AS43:AX43) -> 1
A44: Ventanita Monterán | B44: =IF(IFERROR(VLOOKUP(A44,DATA_KPI!$D:$H,5,FALSE),"")="",VLOOKUP(A44,DATA_KPI_PRE!$D:$H,5,FALSE),VLOOKUP(A44,DATA_KPI!$D:$H,5,FALSE)) -> V13 | C44: =IFERROR(VLOOKUP(_xlfn.CONCAT($C$3,"_",B44,"_",$C$2,"_",Parámetros!$C$6),DATA_KPI!$A:$H,6,FALSE),0) -> 4397403.2 | D44: =IFERROR(VLOOKUP(_xlfn.CONCAT($D$3,"_",B44,"_",$C$2,"_",Parámetros!$C$6),DATA_KPI!A:H,6,FALSE),0) -> 4068718.2 | E44: =IFERROR(+(D44/C44)-1,0) -> -0.074745237 | F44: =IFERROR(VLOOKUP(_xlfn.CONCAT($D$3,"_",B44,"_",$C$2,"_",Parámetros!$C$6),DATA_KPI_PRE!$A:$F,6,FALSE),0) -> 4485495.3 | G44: =IFERROR(+(D44/F44)-1,0) -> -0.092916622 | I44: =IFERROR(VLOOKUP(_xlfn.CONCAT($I$3,"_",B44,"_",$I$2,"_",Parámetros!$C$6),DATA_KPI!$A:$H,6,FALSE),0) -> 2758027.3 | J44: =IFERROR(VLOOKUP(_xlfn.CONCAT($J$3,"_",B44,"_",$I$2,"_",Parámetros!$C$6),DATA_KPI!$A:$H,6,FALSE),0) -> 2102868.4 | K44: =IFERROR(+(J44/I44)-1,0) -> -0.23754619 | L44: =IFERROR(VLOOKUP(_xlfn.CONCAT($J$3,"_",B44,"_",$I$2,"_",Parámetros!$C$6),DATA_KPI_PRE!A:F,6,FALSE),0) -> 0 | M44: =IFERROR(+(J44/L44)-1,0) -> 0 | O44: =IFERROR(VLOOKUP(_xlfn.CONCAT($O$3,"_",B44,"_",$O$2,"_",Parámetros!$C$6),DATA_KPI!$A:$H,6,FALSE),0) -> 0 | P44: =IFERROR(VLOOKUP(_xlfn.CONCAT($P$3,"_",B44,"_",$O$2,"_",Parámetros!$C$6),DATA_KPI!$A:$H,6,FALSE),0) -> 0 | Q44: =IFERROR(+(P44/O44)-1,0) -> 0 | R44: =IFERROR(VLOOKUP(_xlfn.CONCAT($P$3,"_",B44,"_",$O$2,"_",Parámetros!$C$6),DATA_KPI_PRE!A:F,6,FALSE),0) -> 2693124.2 | S44: =IFERROR(+(P44/R44)-1,0) -> -1 | U44: =IFERROR(VLOOKUP(_xlfn.CONCAT($U$3,"_",B44,"_",$U$2,"_",Parámetros!$C$6),DATA_KPI!$A:$H,6,FALSE),0) -> 0 | V44: =IFERROR(VLOOKUP(_xlfn.CONCAT($V$3,"_",B44,"_",$U$2,"_",Parámetros!$C$6),DATA_KPI!$A:$H,6,FALSE),0) -> 0 | W44: =IFERROR(+(V44/U44)-1,0) -> 0 | X44: =IFERROR(VLOOKUP(_xlfn.CONCAT($V$3,"_",B44,"_",$U$2,"_",Parámetros!$C$6),DATA_KPI_PRE!A:F,6,FALSE),0) -> 0 | Y44: =IFERROR(+(V44/X44)-1,0) -> 0 | AA44: =IFERROR(VLOOKUP(_xlfn.CONCAT($AA$3,"_",B44,"_",$AA$2,"_",Parámetros!$C$6),DATA_KPI!$A:$H,6,FALSE),0) -> 0 | AB44: =IFERROR(VLOOKUP(_xlfn.CONCAT($AB$3,"_",B44,"_",$AA$2,"_",Parámetros!$C$6),DATA_KPI!$A:$H,6,FALSE),0) -> 0 | AC44: =IFERROR(+(AB44/AA44)-1,0) -> 0 | AD44: =IFERROR(VLOOKUP(_xlfn.CONCAT($AB$3,"_",B44,"_",$AA$2,"_",Parámetros!$C$6),DATA_KPI_PRE!A:F,6,FALSE),0) -> 0 | AE44: =IFERROR(+(AB44/AD44)-1,0) -> 0 | AG44: =IFERROR(VLOOKUP(_xlfn.CONCAT($AG$3,"_",B44,"_",$AG$2,"_",Parámetros!$C$6),DATA_KPI!$A:$H,6,FALSE),0) -> 1639375.8 | AH44: =IFERROR(VLOOKUP(_xlfn.CONCAT($AH$3,"_",B44,"_",$AG$2,"_",Parámetros!$C$6),DATA_KPI!$A:$H,6,FALSE),0) -> 1965849.8 | AI44: =IFERROR(+(AH44/AG44)-1,0) -> 0.19914527 | AJ44: =IFERROR(VLOOKUP(_xlfn.CONCAT($AH$3,"_",B44,"_",$AG$2,"_",Parámetros!$C$6),DATA_KPI_PRE!A:F,6,FALSE),0) -> 1792371.1 | AK44: =IFERROR(+(AH44/AJ44)-1,0) -> 0.096787241 | AM44: =IFERROR(VLOOKUP(_xlfn.CONCAT($AM$3,"_",B44,"_",$AM$2,"_",Parámetros!$C$6),DATA_KPI!$A:$H,6,FALSE),0) -> 0 | AN44: =IFERROR(VLOOKUP(_xlfn.CONCAT($AN$3,"_",B44,"_",$AM$2,"_",Parámetros!$C$6),DATA_KPI!$A:$H,6,FALSE),0) -> 0 | AO44: =IFERROR(+AN44/AM44,0) -> 0 | AP44: =IFERROR(VLOOKUP(_xlfn.CONCAT($AN$3,"_",B44,"_",$AM$2,"_",Parámetros!$C$6),DATA_KPI_PRE!A:F,6,FALSE),0) -> 0 | AQ44: =IFERROR(+(AN44/AP44)-1,0) -> 0 | AS44: =J44/D44 -> 0.51683806 | AT44: =P44/D44 -> 0 | AU44: =V44/D44 -> 0 | AV44: =AB44/D44 -> 0 | AW44: =AH44/D44 -> 0.48316194 | AX44: =AN44/D44 -> 0 | AY44: =SUM(AS44:AX44) -> 1
A45: Ventanita Multiflores | B45: =IF(IFERROR(VLOOKUP(A45,DATA_KPI!$D:$H,5,FALSE),"")="",VLOOKUP(A45,DATA_KPI_PRE!$D:$H,5,FALSE),VLOOKUP(A45,DATA_KPI!$D:$H,5,FALSE)) -> V06 | C45: =IFERROR(VLOOKUP(_xlfn.CONCAT($C$3,"_",B45,"_",$C$2,"_",Parámetros!$C$6),DATA_KPI!$A:$H,6,FALSE),0) -> 3528655 | D45: =IFERROR(VLOOKUP(_xlfn.CONCAT($D$3,"_",B45,"_",$C$2,"_",Parámetros!$C$6),DATA_KPI!A:H,6,FALSE),0) -> 3388605.5 | E45: =IFERROR(+(D45/C45)-1,0) -> -0.03968921 | F45: =IFERROR(VLOOKUP(_xlfn.CONCAT($D$3,"_",B45,"_",$C$2,"_",Parámetros!$C$6),DATA_KPI_PRE!$A:$F,6,FALSE),0) -> 3767760.7 | G45: =IFERROR(+(D45/F45)-1,0) -> -0.10063145 | I45: =IFERROR(VLOOKUP(_xlfn.CONCAT($I$3,"_",B45,"_",$I$2,"_",Parámetros!$C$6),DATA_KPI!$A:$H,6,FALSE),0) -> 1808876.5 | J45: =IFERROR(VLOOKUP(_xlfn.CONCAT($J$3,"_",B45,"_",$I$2,"_",Parámetros!$C$6),DATA_KPI!$A:$H,6,FALSE),0) -> 1442611.4 | K45: =IFERROR(+(J45/I45)-1,0) -> -0.20248211 | L45: =IFERROR(VLOOKUP(_xlfn.CONCAT($J$3,"_",B45,"_",$I$2,"_",Parámetros!$C$6),DATA_KPI_PRE!A:F,6,FALSE),0) -> 0 | M45: =IFERROR(+(J45/L45)-1,0) -> 0 | O45: =IFERROR(VLOOKUP(_xlfn.CONCAT($O$3,"_",B45,"_",$O$2,"_",Parámetros!$C$6),DATA_KPI!$A:$H,6,FALSE),0) -> 0 | P45: =IFERROR(VLOOKUP(_xlfn.CONCAT($P$3,"_",B45,"_",$O$2,"_",Parámetros!$C$6),DATA_KPI!$A:$H,6,FALSE),0) -> 4061.95 | Q45: =IFERROR(+(P45/O45)-1,0) -> 0 | R45: =IFERROR(VLOOKUP(_xlfn.CONCAT($P$3,"_",B45,"_",$O$2,"_",Parámetros!$C$6),DATA_KPI_PRE!A:F,6,FALSE),0) -> 1968687.6 | S45: =IFERROR(+(P45/R45)-1,0) -> -0.99793672 | U45: =IFERROR(VLOOKUP(_xlfn.CONCAT($U$3,"_",B45,"_",$U$2,"_",Parámetros!$C$6),DATA_KPI!$A:$H,6,FALSE),0) -> 0 | V45: =IFERROR(VLOOKUP(_xlfn.CONCAT($V$3,"_",B45,"_",$U$2,"_",Parámetros!$C$6),DATA_KPI!$A:$H,6,FALSE),0) -> 0 | W45: =IFERROR(+(V45/U45)-1,0) -> 0 | X45: =IFERROR(VLOOKUP(_xlfn.CONCAT($V$3,"_",B45,"_",$U$2,"_",Parámetros!$C$6),DATA_KPI_PRE!A:F,6,FALSE),0) -> 0 | Y45: =IFERROR(+(V45/X45)-1,0) -> 0 | AA45: =IFERROR(VLOOKUP(_xlfn.CONCAT($AA$3,"_",B45,"_",$AA$2,"_",Parámetros!$C$6),DATA_KPI!$A:$H,6,FALSE),0) -> 0 | AB45: =IFERROR(VLOOKUP(_xlfn.CONCAT($AB$3,"_",B45,"_",$AA$2,"_",Parámetros!$C$6),DATA_KPI!$A:$H,6,FALSE),0) -> 0 | AC45: =IFERROR(+(AB45/AA45)-1,0) -> 0 | AD45: =IFERROR(VLOOKUP(_xlfn.CONCAT($AB$3,"_",B45,"_",$AA$2,"_",Parámetros!$C$6),DATA_KPI_PRE!A:F,6,FALSE),0) -> 0 | AE45: =IFERROR(+(AB45/AD45)-1,0) -> 0 | AG45: =IFERROR(VLOOKUP(_xlfn.CONCAT($AG$3,"_",B45,"_",$AG$2,"_",Parámetros!$C$6),DATA_KPI!$A:$H,6,FALSE),0) -> 1719778.5 | AH45: =IFERROR(VLOOKUP(_xlfn.CONCAT($AH$3,"_",B45,"_",$AG$2,"_",Parámetros!$C$6),DATA_KPI!$A:$H,6,FALSE),0) -> 1941932.1 | AI45: =IFERROR(+(AH45/AG45)-1,0) -> 0.12917574 | AJ45: =IFERROR(VLOOKUP(_xlfn.CONCAT($AH$3,"_",B45,"_",$AG$2,"_",Parámetros!$C$6),DATA_KPI_PRE!A:F,6,FALSE),0) -> 1799073.1 | AK45: =IFERROR(+(AH45/AJ45)-1,0) -> 0.079407015 | AM45: =IFERROR(VLOOKUP(_xlfn.CONCAT($AM$3,"_",B45,"_",$AM$2,"_",Parámetros!$C$6),DATA_KPI!$A:$H,6,FALSE),0) -> 0 | AN45: =IFERROR(VLOOKUP(_xlfn.CONCAT($AN$3,"_",B45,"_",$AM$2,"_",Parámetros!$C$6),DATA_KPI!$A:$H,6,FALSE),0) -> 0 | AO45: =IFERROR(+AN45/AM45,0) -> 0 | AP45: =IFERROR(VLOOKUP(_xlfn.CONCAT($AN$3,"_",B45,"_",$AM$2,"_",Parámetros!$C$6),DATA_KPI_PRE!A:F,6,FALSE),0) -> 0 | AQ45: =IFERROR(+(AN45/AP45)-1,0) -> 0 | AS45: =J45/D45 -> 0.42572421 | AT45: =P45/D45 -> 0.0011987085 | AU45: =V45/D45 -> 0 | AV45: =AB45/D45 -> 0 | AW45: =AH45/D45 -> 0.57307708 | AX45: =AN45/D45 -> 0 | AY45: =SUM(AS45:AX45) -> 1
A46: Ventanita Pozos | B46: =IF(IFERROR(VLOOKUP(A46,DATA_KPI!$D:$H,5,FALSE),"")="",VLOOKUP(A46,DATA_KPI_PRE!$D:$H,5,FALSE),VLOOKUP(A46,DATA_KPI!$D:$H,5,FALSE)) -> V02 | C46: =IFERROR(VLOOKUP(_xlfn.CONCAT($C$3,"_",B46,"_",$C$2,"_",Parámetros!$C$6),DATA_KPI!$A:$H,6,FALSE),0) -> 3782952.2 | D46: =IFERROR(VLOOKUP(_xlfn.CONCAT($D$3,"_",B46,"_",$C$2,"_",Parámetros!$C$6),DATA_KPI!A:H,6,FALSE),0) -> 3475730.6 | E46: =IFERROR(+(D46/C46)-1,0) -> -0.081212118 | F46: =IFERROR(VLOOKUP(_xlfn.CONCAT($D$3,"_",B46,"_",$C$2,"_",Parámetros!$C$6),DATA_KPI_PRE!$A:$F,6,FALSE),0) -> 5284299.2 | G46: =IFERROR(+(D46/F46)-1,0) -> -0.34225325 | I46: =IFERROR(VLOOKUP(_xlfn.CONCAT($I$3,"_",B46,"_",$I$2,"_",Parámetros!$C$6),DATA_KPI!$A:$H,6,FALSE),0) -> 1530036 | J46: =IFERROR(VLOOKUP(_xlfn.CONCAT($J$3,"_",B46,"_",$I$2,"_",Parámetros!$C$6),DATA_KPI!$A:$H,6,FALSE),0) -> 1221637.8 | K46: =IFERROR(+(J46/I46)-1,0) -> -0.20156271 | L46: =IFERROR(VLOOKUP(_xlfn.CONCAT($J$3,"_",B46,"_",$I$2,"_",Parámetros!$C$6),DATA_KPI_PRE!A:F,6,FALSE),0) -> 0 | M46: =IFERROR(+(J46/L46)-1,0) -> 0 | O46: =IFERROR(VLOOKUP(_xlfn.CONCAT($O$3,"_",B46,"_",$O$2,"_",Parámetros!$C$6),DATA_KPI!$A:$H,6,FALSE),0) -> 18185.86 | P46: =IFERROR(VLOOKUP(_xlfn.CONCAT($P$3,"_",B46,"_",$O$2,"_",Parámetros!$C$6),DATA_KPI!$A:$H,6,FALSE),0) -> 4415.94 | Q46: =IFERROR(+(P46/O46)-1,0) -> -0.75717728 | R46: =IFERROR(VLOOKUP(_xlfn.CONCAT($P$3,"_",B46,"_",$O$2,"_",Parámetros!$C$6),DATA_KPI_PRE!A:F,6,FALSE),0) -> 2924412 | S46: =IFERROR(+(P46/R46)-1,0) -> -0.99848997 | U46: =IFERROR(VLOOKUP(_xlfn.CONCAT($U$3,"_",B46,"_",$U$2,"_",Parámetros!$C$6),DATA_KPI!$A:$H,6,FALSE),0) -> 0 | V46: =IFERROR(VLOOKUP(_xlfn.CONCAT($V$3,"_",B46,"_",$U$2,"_",Parámetros!$C$6),DATA_KPI!$A:$H,6,FALSE),0) -> 0 | W46: =IFERROR(+(V46/U46)-1,0) -> 0 | X46: =IFERROR(VLOOKUP(_xlfn.CONCAT($V$3,"_",B46,"_",$U$2,"_",Parámetros!$C$6),DATA_KPI_PRE!A:F,6,FALSE),0) -> 0 | Y46: =IFERROR(+(V46/X46)-1,0) -> 0 | AA46: =IFERROR(VLOOKUP(_xlfn.CONCAT($AA$3,"_",B46,"_",$AA$2,"_",Parámetros!$C$6),DATA_KPI!$A:$H,6,FALSE),0) -> 0 | AB46: =IFERROR(VLOOKUP(_xlfn.CONCAT($AB$3,"_",B46,"_",$AA$2,"_",Parámetros!$C$6),DATA_KPI!$A:$H,6,FALSE),0) -> 0 | AC46: =IFERROR(+(AB46/AA46)-1,0) -> 0 | AD46: =IFERROR(VLOOKUP(_xlfn.CONCAT($AB$3,"_",B46,"_",$AA$2,"_",Parámetros!$C$6),DATA_KPI_PRE!A:F,6,FALSE),0) -> 0 | AE46: =IFERROR(+(AB46/AD46)-1,0) -> 0 | AG46: =IFERROR(VLOOKUP(_xlfn.CONCAT($AG$3,"_",B46,"_",$AG$2,"_",Parámetros!$C$6),DATA_KPI!$A:$H,6,FALSE),0) -> 2234730.4 | AH46: =IFERROR(VLOOKUP(_xlfn.CONCAT($AH$3,"_",B46,"_",$AG$2,"_",Parámetros!$C$6),DATA_KPI!$A:$H,6,FALSE),0) -> 2249676.9 | AI46: =IFERROR(+(AH46/AG46)-1,0) -> 0.0066883013 | AJ46: =IFERROR(VLOOKUP(_xlfn.CONCAT($AH$3,"_",B46,"_",$AG$2,"_",Parámetros!$C$6),DATA_KPI_PRE!A:F,6,FALSE),0) -> 2359887.2 | AK46: =IFERROR(+(AH46/AJ46)-1,0) -> -0.046701488 | AM46: =IFERROR(VLOOKUP(_xlfn.CONCAT($AM$3,"_",B46,"_",$AM$2,"_",Parámetros!$C$6),DATA_KPI!$A:$H,6,FALSE),0) -> 0 | AN46: =IFERROR(VLOOKUP(_xlfn.CONCAT($AN$3,"_",B46,"_",$AM$2,"_",Parámetros!$C$6),DATA_KPI!$A:$H,6,FALSE),0) -> 0 | AO46: =IFERROR(+AN46/AM46,0) -> 0 | AP46: =IFERROR(VLOOKUP(_xlfn.CONCAT($AN$3,"_",B46,"_",$AM$2,"_",Parámetros!$C$6),DATA_KPI_PRE!A:F,6,FALSE),0) -> 0 | AQ46: =IFERROR(+(AN46/AP46)-1,0) -> 0 | AS46: =J46/D46 -> 0.35147654 | AT46: =P46/D46 -> 0.001270507 | AU46: =V46/D46 -> 0 | AV46: =AB46/D46 -> 0 | AW46: =AH46/D46 -> 0.64725296 | AX46: =AN46/D46 -> 0 | AY46: =SUM(AS46:AX46) -> 1
A47: Ventanita Rohrmoser | B47: =IF(IFERROR(VLOOKUP(A47,DATA_KPI!$D:$H,5,FALSE),"")="",VLOOKUP(A47,DATA_KPI_PRE!$D:$H,5,FALSE),VLOOKUP(A47,DATA_KPI!$D:$H,5,FALSE)) -> V24 | C47: =IFERROR(VLOOKUP(_xlfn.CONCAT($C$3,"_",B47,"_",$C$2,"_",Parámetros!$C$6),DATA_KPI!$A:$H,6,FALSE),0) -> 2763451.3 | D47: =IFERROR(VLOOKUP(_xlfn.CONCAT($D$3,"_",B47,"_",$C$2,"_",Parámetros!$C$6),DATA_KPI!A:H,6,FALSE),0) -> 2962434.8 | E47: =IFERROR(+(D47/C47)-1,0) -> 0.072005423 | F47: =IFERROR(VLOOKUP(_xlfn.CONCAT($D$3,"_",B47,"_",$C$2,"_",Parámetros!$C$6),DATA_KPI_PRE!$A:$F,6,FALSE),0) -> 3095747.3 | G47: =IFERROR(+(D47/F47)-1,0) -> -0.043063102 | I47: =IFERROR(VLOOKUP(_xlfn.CONCAT($I$3,"_",B47,"_",$I$2,"_",Parámetros!$C$6),DATA_KPI!$A:$H,6,FALSE),0) -> 805602.03 | J47: =IFERROR(VLOOKUP(_xlfn.CONCAT($J$3,"_",B47,"_",$I$2,"_",Parámetros!$C$6),DATA_KPI!$A:$H,6,FALSE),0) -> 1150664.7 | K47: =IFERROR(+(J47/I47)-1,0) -> 0.4283289 | L47: =IFERROR(VLOOKUP(_xlfn.CONCAT($J$3,"_",B47,"_",$I$2,"_",Parámetros!$C$6),DATA_KPI_PRE!A:F,6,FALSE),0) -> 0 | M47: =IFERROR(+(J47/L47)-1,0) -> 0 | O47: =IFERROR(VLOOKUP(_xlfn.CONCAT($O$3,"_",B47,"_",$O$2,"_",Parámetros!$C$6),DATA_KPI!$A:$H,6,FALSE),0) -> 3530.97 | P47: =IFERROR(VLOOKUP(_xlfn.CONCAT($P$3,"_",B47,"_",$O$2,"_",Parámetros!$C$6),DATA_KPI!$A:$H,6,FALSE),0) -> 0 | Q47: =IFERROR(+(P47/O47)-1,0) -> -1 | R47: =IFERROR(VLOOKUP(_xlfn.CONCAT($P$3,"_",B47,"_",$O$2,"_",Parámetros!$C$6),DATA_KPI_PRE!A:F,6,FALSE),0) -> 935429.35 | S47: =IFERROR(+(P47/R47)-1,0) -> -1 | U47: =IFERROR(VLOOKUP(_xlfn.CONCAT($U$3,"_",B47,"_",$U$2,"_",Parámetros!$C$6),DATA_KPI!$A:$H,6,FALSE),0) -> 0 | V47: =IFERROR(VLOOKUP(_xlfn.CONCAT($V$3,"_",B47,"_",$U$2,"_",Parámetros!$C$6),DATA_KPI!$A:$H,6,FALSE),0) -> 0 | W47: =IFERROR(+(V47/U47)-1,0) -> 0 | X47: =IFERROR(VLOOKUP(_xlfn.CONCAT($V$3,"_",B47,"_",$U$2,"_",Parámetros!$C$6),DATA_KPI_PRE!A:F,6,FALSE),0) -> 0 | Y47: =IFERROR(+(V47/X47)-1,0) -> 0 | AA47: =IFERROR(VLOOKUP(_xlfn.CONCAT($AA$3,"_",B47,"_",$AA$2,"_",Parámetros!$C$6),DATA_KPI!$A:$H,6,FALSE),0) -> 0 | AB47: =IFERROR(VLOOKUP(_xlfn.CONCAT($AB$3,"_",B47,"_",$AA$2,"_",Parámetros!$C$6),DATA_KPI!$A:$H,6,FALSE),0) -> 0 | AC47: =IFERROR(+(AB47/AA47)-1,0) -> 0 | AD47: =IFERROR(VLOOKUP(_xlfn.CONCAT($AB$3,"_",B47,"_",$AA$2,"_",Parámetros!$C$6),DATA_KPI_PRE!A:F,6,FALSE),0) -> 0 | AE47: =IFERROR(+(AB47/AD47)-1,0) -> 0 | AG47: =IFERROR(VLOOKUP(_xlfn.CONCAT($AG$3,"_",B47,"_",$AG$2,"_",Parámetros!$C$6),DATA_KPI!$A:$H,6,FALSE),0) -> 1954318.3 | AH47: =IFERROR(VLOOKUP(_xlfn.CONCAT($AH$3,"_",B47,"_",$AG$2,"_",Parámetros!$C$6),DATA_KPI!$A:$H,6,FALSE),0) -> 1811770.1 | AI47: =IFERROR(+(AH47/AG47)-1,0) -> -0.072940103 | AJ47: =IFERROR(VLOOKUP(_xlfn.CONCAT($AH$3,"_",B47,"_",$AG$2,"_",Parámetros!$C$6),DATA_KPI_PRE!A:F,6,FALSE),0) -> 2160317.9 | AK47: =IFERROR(+(AH47/AJ47)-1,0) -> -0.16134097 | AM47: =IFERROR(VLOOKUP(_xlfn.CONCAT($AM$3,"_",B47,"_",$AM$2,"_",Parámetros!$C$6),DATA_KPI!$A:$H,6,FALSE),0) -> 0 | AN47: =IFERROR(VLOOKUP(_xlfn.CONCAT($AN$3,"_",B47,"_",$AM$2,"_",Parámetros!$C$6),DATA_KPI!$A:$H,6,FALSE),0) -> 0 | AO47: =IFERROR(+AN47/AM47,0) -> 0 | AP47: =IFERROR(VLOOKUP(_xlfn.CONCAT($AN$3,"_",B47,"_",$AM$2,"_",Parámetros!$C$6),DATA_KPI_PRE!A:F,6,FALSE),0) -> 0 | AQ47: =IFERROR(+(AN47/AP47)-1,0) -> 0 | AS47: =J47/D47 -> 0.38841856 | AT47: =P47/D47 -> 0 | AU47: =V47/D47 -> 0 | AV47: =AB47/D47 -> 0 | AW47: =AH47/D47 -> 0.61158144 | AX47: =AN47/D47 -> 0 | AY47: =SUM(AS47:AX47) -> 1
A48: Ventanita Sabanilla | B48: =IF(IFERROR(VLOOKUP(A48,DATA_KPI!$D:$H,5,FALSE),"")="",VLOOKUP(A48,DATA_KPI_PRE!$D:$H,5,FALSE),VLOOKUP(A48,DATA_KPI!$D:$H,5,FALSE)) -> V01 | C48: =IFERROR(VLOOKUP(_xlfn.CONCAT($C$3,"_",B48,"_",$C$2,"_",Parámetros!$C$6),DATA_KPI!$A:$H,6,FALSE),0) -> 2157038.7 | D48: =IFERROR(VLOOKUP(_xlfn.CONCAT($D$3,"_",B48,"_",$C$2,"_",Parámetros!$C$6),DATA_KPI!A:H,6,FALSE),0) -> 2803330.9 | E48: =IFERROR(+(D48/C48)-1,0) -> 0.29962015 | F48: =IFERROR(VLOOKUP(_xlfn.CONCAT($D$3,"_",B48,"_",$C$2,"_",Parámetros!$C$6),DATA_KPI_PRE!$A:$F,6,FALSE),0) -> 2476386.1 | G48: =IFERROR(+(D48/F48)-1,0) -> 0.132025 | I48: =IFERROR(VLOOKUP(_xlfn.CONCAT($I$3,"_",B48,"_",$I$2,"_",Parámetros!$C$6),DATA_KPI!$A:$H,6,FALSE),0) -> 1232194.9 | J48: =IFERROR(VLOOKUP(_xlfn.CONCAT($J$3,"_",B48,"_",$I$2,"_",Parámetros!$C$6),DATA_KPI!$A:$H,6,FALSE),0) -> 1321558.1 | K48: =IFERROR(+(J48/I48)-1,0) -> 0.072523618 | L48: =IFERROR(VLOOKUP(_xlfn.CONCAT($J$3,"_",B48,"_",$I$2,"_",Parámetros!$C$6),DATA_KPI_PRE!A:F,6,FALSE),0) -> 0 | M48: =IFERROR(+(J48/L48)-1,0) -> 0 | O48: =IFERROR(VLOOKUP(_xlfn.CONCAT($O$3,"_",B48,"_",$O$2,"_",Parámetros!$C$6),DATA_KPI!$A:$H,6,FALSE),0) -> 7070.8 | P48: =IFERROR(VLOOKUP(_xlfn.CONCAT($P$3,"_",B48,"_",$O$2,"_",Parámetros!$C$6),DATA_KPI!$A:$H,6,FALSE),0) -> 10761.07 | Q48: =IFERROR(+(P48/O48)-1,0) -> 0.52190275 | R48: =IFERROR(VLOOKUP(_xlfn.CONCAT($P$3,"_",B48,"_",$O$2,"_",Parámetros!$C$6),DATA_KPI_PRE!A:F,6,FALSE),0) -> 1247781.9 | S48: =IFERROR(+(P48/R48)-1,0) -> -0.99137584 | U48: =IFERROR(VLOOKUP(_xlfn.CONCAT($U$3,"_",B48,"_",$U$2,"_",Parámetros!$C$6),DATA_KPI!$A:$H,6,FALSE),0) -> 0 | V48: =IFERROR(VLOOKUP(_xlfn.CONCAT($V$3,"_",B48,"_",$U$2,"_",Parámetros!$C$6),DATA_KPI!$A:$H,6,FALSE),0) -> 0 | W48: =IFERROR(+(V48/U48)-1,0) -> 0 | X48: =IFERROR(VLOOKUP(_xlfn.CONCAT($V$3,"_",B48,"_",$U$2,"_",Parámetros!$C$6),DATA_KPI_PRE!A:F,6,FALSE),0) -> 0 | Y48: =IFERROR(+(V48/X48)-1,0) -> 0 | AA48: =IFERROR(VLOOKUP(_xlfn.CONCAT($AA$3,"_",B48,"_",$AA$2,"_",Parámetros!$C$6),DATA_KPI!$A:$H,6,FALSE),0) -> 10610.62 | AB48: =IFERROR(VLOOKUP(_xlfn.CONCAT($AB$3,"_",B48,"_",$AA$2,"_",Parámetros!$C$6),DATA_KPI!$A:$H,6,FALSE),0) -> 0 | AC48: =IFERROR(+(AB48/AA48)-1,0) -> -1 | AD48: =IFERROR(VLOOKUP(_xlfn.CONCAT($AB$3,"_",B48,"_",$AA$2,"_",Parámetros!$C$6),DATA_KPI_PRE!A:F,6,FALSE),0) -> 0 | AE48: =IFERROR(+(AB48/AD48)-1,0) -> 0 | AG48: =IFERROR(VLOOKUP(_xlfn.CONCAT($AG$3,"_",B48,"_",$AG$2,"_",Parámetros!$C$6),DATA_KPI!$A:$H,6,FALSE),0) -> 907162.37 | AH48: =IFERROR(VLOOKUP(_xlfn.CONCAT($AH$3,"_",B48,"_",$AG$2,"_",Parámetros!$C$6),DATA_KPI!$A:$H,6,FALSE),0) -> 1471011.7 | AI48: =IFERROR(+(AH48/AG48)-1,0) -> 0.62155286 | AJ48: =IFERROR(VLOOKUP(_xlfn.CONCAT($AH$3,"_",B48,"_",$AG$2,"_",Parámetros!$C$6),DATA_KPI_PRE!A:F,6,FALSE),0) -> 1228604.1 | AK48: =IFERROR(+(AH48/AJ48)-1,0) -> 0.19730329 | AM48: =IFERROR(VLOOKUP(_xlfn.CONCAT($AM$3,"_",B48,"_",$AM$2,"_",Parámetros!$C$6),DATA_KPI!$A:$H,6,FALSE),0) -> 0 | AN48: =IFERROR(VLOOKUP(_xlfn.CONCAT($AN$3,"_",B48,"_",$AM$2,"_",Parámetros!$C$6),DATA_KPI!$A:$H,6,FALSE),0) -> 0 | AO48: =IFERROR(+AN48/AM48,0) -> 0 | AP48: =IFERROR(VLOOKUP(_xlfn.CONCAT($AN$3,"_",B48,"_",$AM$2,"_",Parámetros!$C$6),DATA_KPI_PRE!A:F,6,FALSE),0) -> 0 | AQ48: =IFERROR(+(AN48/AP48)-1,0) -> 0 | AS48: =J48/D48 -> 0.47142422 | AT48: =P48/D48 -> 0.0038386728 | AU48: =V48/D48 -> 0 | AV48: =AB48/D48 -> 0 | AW48: =AH48/D48 -> 0.5247371 | AX48: =AN48/D48 -> 0 | AY48: =SUM(AS48:AX48) -> 1
A49: Ventanita San Pablo | B49: =IF(IFERROR(VLOOKUP(A49,DATA_KPI!$D:$H,5,FALSE),"")="",VLOOKUP(A49,DATA_KPI_PRE!$D:$H,5,FALSE),VLOOKUP(A49,DATA_KPI!$D:$H,5,FALSE)) -> V07 | C49: =IFERROR(VLOOKUP(_xlfn.CONCAT($C$3,"_",B49,"_",$C$2,"_",Parámetros!$C$6),DATA_KPI!$A:$H,6,FALSE),0) -> 3335247.7 | D49: =IFERROR(VLOOKUP(_xlfn.CONCAT($D$3,"_",B49,"_",$C$2,"_",Parámetros!$C$6),DATA_KPI!A:H,6,FALSE),0) -> 2624189.2 | E49: =IFERROR(+(D49/C49)-1,0) -> -0.21319509 | F49: =IFERROR(VLOOKUP(_xlfn.CONCAT($D$3,"_",B49,"_",$C$2,"_",Parámetros!$C$6),DATA_KPI_PRE!$A:$F,6,FALSE),0) -> 6322670.5 | G49: =IFERROR(+(D49/F49)-1,0) -> -0.58495556 | I49: =IFERROR(VLOOKUP(_xlfn.CONCAT($I$3,"_",B49,"_",$I$2,"_",Parámetros!$C$6),DATA_KPI!$A:$H,6,FALSE),0) -> 1844726.3 | J49: =IFERROR(VLOOKUP(_xlfn.CONCAT($J$3,"_",B49,"_",$I$2,"_",Parámetros!$C$6),DATA_KPI!$A:$H,6,FALSE),0) -> 1442761.9 | K49: =IFERROR(+(J49/I49)-1,0) -> -0.21789919 | L49: =IFERROR(VLOOKUP(_xlfn.CONCAT($J$3,"_",B49,"_",$I$2,"_",Parámetros!$C$6),DATA_KPI_PRE!A:F,6,FALSE),0) -> 0 | M49: =IFERROR(+(J49/L49)-1,0) -> 0 | O49: =IFERROR(VLOOKUP(_xlfn.CONCAT($O$3,"_",B49,"_",$O$2,"_",Parámetros!$C$6),DATA_KPI!$A:$H,6,FALSE),0) -> 36778.8 | P49: =IFERROR(VLOOKUP(_xlfn.CONCAT($P$3,"_",B49,"_",$O$2,"_",Parámetros!$C$6),DATA_KPI!$A:$H,6,FALSE),0) -> 8831.87 | Q49: =IFERROR(+(P49/O49)-1,0) -> -0.75986519 | R49: =IFERROR(VLOOKUP(_xlfn.CONCAT($P$3,"_",B49,"_",$O$2,"_",Parámetros!$C$6),DATA_KPI_PRE!A:F,6,FALSE),0) -> 4907961.9 | S49: =IFERROR(+(P49/R49)-1,0) -> -0.9982005 | U49: =IFERROR(VLOOKUP(_xlfn.CONCAT($U$3,"_",B49,"_",$U$2,"_",Parámetros!$C$6),DATA_KPI!$A:$H,6,FALSE),0) -> 0 | V49: =IFERROR(VLOOKUP(_xlfn.CONCAT($V$3,"_",B49,"_",$U$2,"_",Parámetros!$C$6),DATA_KPI!$A:$H,6,FALSE),0) -> 0 | W49: =IFERROR(+(V49/U49)-1,0) -> 0 | X49: =IFERROR(VLOOKUP(_xlfn.CONCAT($V$3,"_",B49,"_",$U$2,"_",Parámetros!$C$6),DATA_KPI_PRE!A:F,6,FALSE),0) -> 0 | Y49: =IFERROR(+(V49/X49)-1,0) -> 0 | AA49: =IFERROR(VLOOKUP(_xlfn.CONCAT($AA$3,"_",B49,"_",$AA$2,"_",Parámetros!$C$6),DATA_KPI!$A:$H,6,FALSE),0) -> 0 | AB49: =IFERROR(VLOOKUP(_xlfn.CONCAT($AB$3,"_",B49,"_",$AA$2,"_",Parámetros!$C$6),DATA_KPI!$A:$H,6,FALSE),0) -> 0 | AC49: =IFERROR(+(AB49/AA49)-1,0) -> 0 | AD49: =IFERROR(VLOOKUP(_xlfn.CONCAT($AB$3,"_",B49,"_",$AA$2,"_",Parámetros!$C$6),DATA_KPI_PRE!A:F,6,FALSE),0) -> 0 | AE49: =IFERROR(+(AB49/AD49)-1,0) -> 0 | AG49: =IFERROR(VLOOKUP(_xlfn.CONCAT($AG$3,"_",B49,"_",$AG$2,"_",Parámetros!$C$6),DATA_KPI!$A:$H,6,FALSE),0) -> 1453742.6 | AH49: =IFERROR(VLOOKUP(_xlfn.CONCAT($AH$3,"_",B49,"_",$AG$2,"_",Parámetros!$C$6),DATA_KPI!$A:$H,6,FALSE),0) -> 1172595.5 | AI49: =IFERROR(+(AH49/AG49)-1,0) -> -0.19339541 | AJ49: =IFERROR(VLOOKUP(_xlfn.CONCAT($AH$3,"_",B49,"_",$AG$2,"_",Parámetros!$C$6),DATA_KPI_PRE!A:F,6,FALSE),0) -> 1414708.5 | AK49: =IFERROR(+(AH49/AJ49)-1,0) -> -0.1711399 | AM49: =IFERROR(VLOOKUP(_xlfn.CONCAT($AM$3,"_",B49,"_",$AM$2,"_",Parámetros!$C$6),DATA_KPI!$A:$H,6,FALSE),0) -> 0 | AN49: =IFERROR(VLOOKUP(_xlfn.CONCAT($AN$3,"_",B49,"_",$AM$2,"_",Parámetros!$C$6),DATA_KPI!$A:$H,6,FALSE),0) -> 0 | AO49: =IFERROR(+AN49/AM49,0) -> 0 | AP49: =IFERROR(VLOOKUP(_xlfn.CONCAT($AN$3,"_",B49,"_",$AM$2,"_",Parámetros!$C$6),DATA_KPI_PRE!A:F,6,FALSE),0) -> 0 | AQ49: =IFERROR(+(AN49/AP49)-1,0) -> 0 | AS49: =J49/D49 -> 0.54979339 | AT49: =P49/D49 -> 0.0033655614 | AU49: =V49/D49 -> 0 | AV49: =AB49/D49 -> 0 | AW49: =AH49/D49 -> 0.44684104 | AX49: =AN49/D49 -> 0 | AY49: =SUM(AS49:AX49) -> 1
A50: Ventanita Santo Domingo | B50: =IF(IFERROR(VLOOKUP(A50,DATA_KPI!$D:$H,5,FALSE),"")="",VLOOKUP(A50,DATA_KPI_PRE!$D:$H,5,FALSE),VLOOKUP(A50,DATA_KPI!$D:$H,5,FALSE)) -> V12 | C50: =IFERROR(VLOOKUP(_xlfn.CONCAT($C$3,"_",B50,"_",$C$2,"_",Parámetros!$C$6),DATA_KPI!$A:$H,6,FALSE),0) -> 3454362.4 | D50: =IFERROR(VLOOKUP(_xlfn.CONCAT($D$3,"_",B50,"_",$C$2,"_",Parámetros!$C$6),DATA_KPI!A:H,6,FALSE),0) -> 3369350.1 | E50: =IFERROR(+(D50/C50)-1,0) -> -0.024610136 | F50: =IFERROR(VLOOKUP(_xlfn.CONCAT($D$3,"_",B50,"_",$C$2,"_",Parámetros!$C$6),DATA_KPI_PRE!$A:$F,6,FALSE),0) -> 3725843.4 | G50: =IFERROR(+(D50/F50)-1,0) -> -0.095681233 | I50: =IFERROR(VLOOKUP(_xlfn.CONCAT($I$3,"_",B50,"_",$I$2,"_",Parámetros!$C$6),DATA_KPI!$A:$H,6,FALSE),0) -> 1471301.3 | J50: =IFERROR(VLOOKUP(_xlfn.CONCAT($J$3,"_",B50,"_",$I$2,"_",Parámetros!$C$6),DATA_KPI!$A:$H,6,FALSE),0) -> 1396416.7 | K50: =IFERROR(+(J50/I50)-1,0) -> -0.05089685 | L50: =IFERROR(VLOOKUP(_xlfn.CONCAT($J$3,"_",B50,"_",$I$2,"_",Parámetros!$C$6),DATA_KPI_PRE!A:F,6,FALSE),0) -> 0 | M50: =IFERROR(+(J50/L50)-1,0) -> 0 | O50: =IFERROR(VLOOKUP(_xlfn.CONCAT($O$3,"_",B50,"_",$O$2,"_",Parámetros!$C$6),DATA_KPI!$A:$H,6,FALSE),0) -> 18247.79 | P50: =IFERROR(VLOOKUP(_xlfn.CONCAT($P$3,"_",B50,"_",$O$2,"_",Parámetros!$C$6),DATA_KPI!$A:$H,6,FALSE),0) -> 31672.57 | Q50: =IFERROR(+(P50/O50)-1,0) -> 0.73569347 | R50: =IFERROR(VLOOKUP(_xlfn.CONCAT($P$3,"_",B50,"_",$O$2,"_",Parámetros!$C$6),DATA_KPI_PRE!A:F,6,FALSE),0) -> 1504726 | S50: =IFERROR(+(P50/R50)-1,0) -> -0.97895127 | U50: =IFERROR(VLOOKUP(_xlfn.CONCAT($U$3,"_",B50,"_",$U$2,"_",Parámetros!$C$6),DATA_KPI!$A:$H,6,FALSE),0) -> 0 | V50: =IFERROR(VLOOKUP(_xlfn.CONCAT($V$3,"_",B50,"_",$U$2,"_",Parámetros!$C$6),DATA_KPI!$A:$H,6,FALSE),0) -> 0 | W50: =IFERROR(+(V50/U50)-1,0) -> 0 | X50: =IFERROR(VLOOKUP(_xlfn.CONCAT($V$3,"_",B50,"_",$U$2,"_",Parámetros!$C$6),DATA_KPI_PRE!A:F,6,FALSE),0) -> 0 | Y50: =IFERROR(+(V50/X50)-1,0) -> 0 | AA50: =IFERROR(VLOOKUP(_xlfn.CONCAT($AA$3,"_",B50,"_",$AA$2,"_",Parámetros!$C$6),DATA_KPI!$A:$H,6,FALSE),0) -> 0 | AB50: =IFERROR(VLOOKUP(_xlfn.CONCAT($AB$3,"_",B50,"_",$AA$2,"_",Parámetros!$C$6),DATA_KPI!$A:$H,6,FALSE),0) -> 0 | AC50: =IFERROR(+(AB50/AA50)-1,0) -> 0 | AD50: =IFERROR(VLOOKUP(_xlfn.CONCAT($AB$3,"_",B50,"_",$AA$2,"_",Parámetros!$C$6),DATA_KPI_PRE!A:F,6,FALSE),0) -> 0 | AE50: =IFERROR(+(AB50/AD50)-1,0) -> 0 | AG50: =IFERROR(VLOOKUP(_xlfn.CONCAT($AG$3,"_",B50,"_",$AG$2,"_",Parámetros!$C$6),DATA_KPI!$A:$H,6,FALSE),0) -> 1964813.4 | AH50: =IFERROR(VLOOKUP(_xlfn.CONCAT($AH$3,"_",B50,"_",$AG$2,"_",Parámetros!$C$6),DATA_KPI!$A:$H,6,FALSE),0) -> 1941260.9 | AI50: =IFERROR(+(AH50/AG50)-1,0) -> -0.011987149 | AJ50: =IFERROR(VLOOKUP(_xlfn.CONCAT($AH$3,"_",B50,"_",$AG$2,"_",Parámetros!$C$6),DATA_KPI_PRE!A:F,6,FALSE),0) -> 2221117.4 | AK50: =IFERROR(+(AH50/AJ50)-1,0) -> -0.12599808 | AM50: =IFERROR(VLOOKUP(_xlfn.CONCAT($AM$3,"_",B50,"_",$AM$2,"_",Parámetros!$C$6),DATA_KPI!$A:$H,6,FALSE),0) -> 0 | AN50: =IFERROR(VLOOKUP(_xlfn.CONCAT($AN$3,"_",B50,"_",$AM$2,"_",Parámetros!$C$6),DATA_KPI!$A:$H,6,FALSE),0) -> 0 | AO50: =IFERROR(+AN50/AM50,0) -> 0 | AP50: =IFERROR(VLOOKUP(_xlfn.CONCAT($AN$3,"_",B50,"_",$AM$2,"_",Parámetros!$C$6),DATA_KPI_PRE!A:F,6,FALSE),0) -> 0 | AQ50: =IFERROR(+(AN50/AP50)-1,0) -> 0 | AS50: =J50/D50 -> 0.41444689 | AT50: =P50/D50 -> 0.0094002016 | AU50: =V50/D50 -> 0 | AV50: =AB50/D50 -> 0 | AW50: =AH50/D50 -> 0.57615291 | AX50: =AN50/D50 -> 0 | AY50: =SUM(AS50:AX50) -> 1
A51: Ventanita Tres Rios | B51: =IF(IFERROR(VLOOKUP(A51,DATA_KPI!$D:$H,5,FALSE),"")="",VLOOKUP(A51,DATA_KPI_PRE!$D:$H,5,FALSE),VLOOKUP(A51,DATA_KPI!$D:$H,5,FALSE)) -> V10 | C51: =IFERROR(VLOOKUP(_xlfn.CONCAT($C$3,"_",B51,"_",$C$2,"_",Parámetros!$C$6),DATA_KPI!$A:$H,6,FALSE),0) -> 2693590 | D51: =IFERROR(VLOOKUP(_xlfn.CONCAT($D$3,"_",B51,"_",$C$2,"_",Parámetros!$C$6),DATA_KPI!A:H,6,FALSE),0) -> 2581543.5 | E51: =IFERROR(+(D51/C51)-1,0) -> -0.041597438 | F51: =IFERROR(VLOOKUP(_xlfn.CONCAT($D$3,"_",B51,"_",$C$2,"_",Parámetros!$C$6),DATA_KPI_PRE!$A:$F,6,FALSE),0) -> 2843663.9 | G51: =IFERROR(+(D51/F51)-1,0) -> -0.092177008 | I51: =IFERROR(VLOOKUP(_xlfn.CONCAT($I$3,"_",B51,"_",$I$2,"_",Parámetros!$C$6),DATA_KPI!$A:$H,6,FALSE),0) -> 1641115.6 | J51: =IFERROR(VLOOKUP(_xlfn.CONCAT($J$3,"_",B51,"_",$I$2,"_",Parámetros!$C$6),DATA_KPI!$A:$H,6,FALSE),0) -> 1587124.8 | K51: =IFERROR(+(J51/I51)-1,0) -> -0.032898817 | L51: =IFERROR(VLOOKUP(_xlfn.CONCAT($J$3,"_",B51,"_",$I$2,"_",Parámetros!$C$6),DATA_KPI_PRE!A:F,6,FALSE),0) -> 0 | M51: =IFERROR(+(J51/L51)-1,0) -> 0 | O51: =IFERROR(VLOOKUP(_xlfn.CONCAT($O$3,"_",B51,"_",$O$2,"_",Parámetros!$C$6),DATA_KPI!$A:$H,6,FALSE),0) -> 0 | P51: =IFERROR(VLOOKUP(_xlfn.CONCAT($P$3,"_",B51,"_",$O$2,"_",Parámetros!$C$6),DATA_KPI!$A:$H,6,FALSE),0) -> 0 | Q51: =IFERROR(+(P51/O51)-1,0) -> 0 | R51: =IFERROR(VLOOKUP(_xlfn.CONCAT($P$3,"_",B51,"_",$O$2,"_",Parámetros!$C$6),DATA_KPI_PRE!A:F,6,FALSE),0) -> 1759705.4 | S51: =IFERROR(+(P51/R51)-1,0) -> -1 | U51: =IFERROR(VLOOKUP(_xlfn.CONCAT($U$3,"_",B51,"_",$U$2,"_",Parámetros!$C$6),DATA_KPI!$A:$H,6,FALSE),0) -> 0 | V51: =IFERROR(VLOOKUP(_xlfn.CONCAT($V$3,"_",B51,"_",$U$2,"_",Parámetros!$C$6),DATA_KPI!$A:$H,6,FALSE),0) -> 0 | W51: =IFERROR(+(V51/U51)-1,0) -> 0 | X51: =IFERROR(VLOOKUP(_xlfn.CONCAT($V$3,"_",B51,"_",$U$2,"_",Parámetros!$C$6),DATA_KPI_PRE!A:F,6,FALSE),0) -> 0 | Y51: =IFERROR(+(V51/X51)-1,0) -> 0 | AA51: =IFERROR(VLOOKUP(_xlfn.CONCAT($AA$3,"_",B51,"_",$AA$2,"_",Parámetros!$C$6),DATA_KPI!$A:$H,6,FALSE),0) -> 0 | AB51: =IFERROR(VLOOKUP(_xlfn.CONCAT($AB$3,"_",B51,"_",$AA$2,"_",Parámetros!$C$6),DATA_KPI!$A:$H,6,FALSE),0) -> 0 | AC51: =IFERROR(+(AB51/AA51)-1,0) -> 0 | AD51: =IFERROR(VLOOKUP(_xlfn.CONCAT($AB$3,"_",B51,"_",$AA$2,"_",Parámetros!$C$6),DATA_KPI_PRE!A:F,6,FALSE),0) -> 0 | AE51: =IFERROR(+(AB51/AD51)-1,0) -> 0 | AG51: =IFERROR(VLOOKUP(_xlfn.CONCAT($AG$3,"_",B51,"_",$AG$2,"_",Parámetros!$C$6),DATA_KPI!$A:$H,6,FALSE),0) -> 1052474.4 | AH51: =IFERROR(VLOOKUP(_xlfn.CONCAT($AH$3,"_",B51,"_",$AG$2,"_",Parámetros!$C$6),DATA_KPI!$A:$H,6,FALSE),0) -> 994418.72 | AI51: =IFERROR(+(AH51/AG51)-1,0) -> -0.055161133 | AJ51: =IFERROR(VLOOKUP(_xlfn.CONCAT($AH$3,"_",B51,"_",$AG$2,"_",Parámetros!$C$6),DATA_KPI_PRE!A:F,6,FALSE),0) -> 1083958.6 | AK51: =IFERROR(+(AH51/AJ51)-1,0) -> -0.082604486 | AM51: =IFERROR(VLOOKUP(_xlfn.CONCAT($AM$3,"_",B51,"_",$AM$2,"_",Parámetros!$C$6),DATA_KPI!$A:$H,6,FALSE),0) -> 0 | AN51: =IFERROR(VLOOKUP(_xlfn.CONCAT($AN$3,"_",B51,"_",$AM$2,"_",Parámetros!$C$6),DATA_KPI!$A:$H,6,FALSE),0) -> 0 | AO51: =IFERROR(+AN51/AM51,0) -> 0 | AP51: =IFERROR(VLOOKUP(_xlfn.CONCAT($AN$3,"_",B51,"_",$AM$2,"_",Parámetros!$C$6),DATA_KPI_PRE!A:F,6,FALSE),0) -> 0 | AQ51: =IFERROR(+(AN51/AP51)-1,0) -> 0 | AS51: =J51/D51 -> 0.61479684 | AT51: =P51/D51 -> 0 | AU51: =V51/D51 -> 0 | AV51: =AB51/D51 -> 0 | AW51: =AH51/D51 -> 0.38520316 | AX51: =AN51/D51 -> 0 | AY51: =SUM(AS51:AX51) -> 1
A52: Guachipelin | B52: =IF(IFERROR(VLOOKUP(A52,DATA_KPI!$D:$H,5,FALSE),"")="",VLOOKUP(A52,DATA_KPI_PRE!$D:$H,5,FALSE),VLOOKUP(A52,DATA_KPI!$D:$H,5,FALSE)) -> S89 | C52: =IFERROR(VLOOKUP(_xlfn.CONCAT($C$3,"_",B52,"_",$C$2,"_",Parámetros!$C$6),DATA_KPI!$A:$H,6,FALSE),0) -> 3450973.3 | D52: =IFERROR(VLOOKUP(_xlfn.CONCAT($D$3,"_",B52,"_",$C$2,"_",Parámetros!$C$6),DATA_KPI!A:H,6,FALSE),0) -> 2357612.9 | E52: =IFERROR(+(D52/C52)-1,0) -> -0.31682668 | F52: =IFERROR(VLOOKUP(_xlfn.CONCAT($D$3,"_",B52,"_",$C$2,"_",Parámetros!$C$6),DATA_KPI_PRE!$A:$F,6,FALSE),0) -> 5087893.2 | G52: =IFERROR(+(D52/F52)-1,0) -> -0.53662297 | I52: =IFERROR(VLOOKUP(_xlfn.CONCAT($I$3,"_",B52,"_",$I$2,"_",Parámetros!$C$6),DATA_KPI!$A:$H,6,FALSE),0) -> 1265770.3 | J52: =IFERROR(VLOOKUP(_xlfn.CONCAT($J$3,"_",B52,"_",$I$2,"_",Parámetros!$C$6),DATA_KPI!$A:$H,6,FALSE),0) -> 1011257.3 | K52: =IFERROR(+(J52/I52)-1,0) -> -0.20107366 | L52: =IFERROR(VLOOKUP(_xlfn.CONCAT($J$3,"_",B52,"_",$I$2,"_",Parámetros!$C$6),DATA_KPI_PRE!A:F,6,FALSE),0) -> 0 | M52: =IFERROR(+(J52/L52)-1,0) -> 0 | O52: =IFERROR(VLOOKUP(_xlfn.CONCAT($O$3,"_",B52,"_",$O$2,"_",Parámetros!$C$6),DATA_KPI!$A:$H,6,FALSE),0) -> 3707.96 | P52: =IFERROR(VLOOKUP(_xlfn.CONCAT($P$3,"_",B52,"_",$O$2,"_",Parámetros!$C$6),DATA_KPI!$A:$H,6,FALSE),0) -> 8026.56 | Q52: =IFERROR(+(P52/O52)-1,0) -> 1.1646835 | R52: =IFERROR(VLOOKUP(_xlfn.CONCAT($P$3,"_",B52,"_",$O$2,"_",Parámetros!$C$6),DATA_KPI_PRE!A:F,6,FALSE),0) -> 2826103.5 | S52: =IFERROR(+(P52/R52)-1,0) -> -0.99715985 | U52: =IFERROR(VLOOKUP(_xlfn.CONCAT($U$3,"_",B52,"_",$U$2,"_",Parámetros!$C$6),DATA_KPI!$A:$H,6,FALSE),0) -> 0 | V52: =IFERROR(VLOOKUP(_xlfn.CONCAT($V$3,"_",B52,"_",$U$2,"_",Parámetros!$C$6),DATA_KPI!$A:$H,6,FALSE),0) -> 0 | W52: =IFERROR(+(V52/U52)-1,0) -> 0 | X52: =IFERROR(VLOOKUP(_xlfn.CONCAT($V$3,"_",B52,"_",$U$2,"_",Parámetros!$C$6),DATA_KPI_PRE!A:F,6,FALSE),0) -> 0 | Y52: =IFERROR(+(V52/X52)-1,0) -> 0 | AA52: =IFERROR(VLOOKUP(_xlfn.CONCAT($AA$3,"_",B52,"_",$AA$2,"_",Parámetros!$C$6),DATA_KPI!$A:$H,6,FALSE),0) -> 0 | AB52: =IFERROR(VLOOKUP(_xlfn.CONCAT($AB$3,"_",B52,"_",$AA$2,"_",Parámetros!$C$6),DATA_KPI!$A:$H,6,FALSE),0) -> 0 | AC52: =IFERROR(+(AB52/AA52)-1,0) -> 0 | AD52: =IFERROR(VLOOKUP(_xlfn.CONCAT($AB$3,"_",B52,"_",$AA$2,"_",Parámetros!$C$6),DATA_KPI_PRE!A:F,6,FALSE),0) -> 0 | AE52: =IFERROR(+(AB52/AD52)-1,0) -> 0 | AG52: =IFERROR(VLOOKUP(_xlfn.CONCAT($AG$3,"_",B52,"_",$AG$2,"_",Parámetros!$C$6),DATA_KPI!$A:$H,6,FALSE),0) -> 2181495 | AH52: =IFERROR(VLOOKUP(_xlfn.CONCAT($AH$3,"_",B52,"_",$AG$2,"_",Parámetros!$C$6),DATA_KPI!$A:$H,6,FALSE),0) -> 1338329 | AI52: =IFERROR(+(AH52/AG52)-1,0) -> -0.38650832 | AJ52: =IFERROR(VLOOKUP(_xlfn.CONCAT($AH$3,"_",B52,"_",$AG$2,"_",Parámetros!$C$6),DATA_KPI_PRE!A:F,6,FALSE),0) -> 2261789.6 | AK52: =IFERROR(+(AH52/AJ52)-1,0) -> -0.40828758 | AM52: =IFERROR(VLOOKUP(_xlfn.CONCAT($AM$3,"_",B52,"_",$AM$2,"_",Parámetros!$C$6),DATA_KPI!$A:$H,6,FALSE),0) -> 0 | AN52: =IFERROR(VLOOKUP(_xlfn.CONCAT($AN$3,"_",B52,"_",$AM$2,"_",Parámetros!$C$6),DATA_KPI!$A:$H,6,FALSE),0) -> 0 | AO52: =IFERROR(+AN52/AM52,0) -> 0 | AP52: =IFERROR(VLOOKUP(_xlfn.CONCAT($AN$3,"_",B52,"_",$AM$2,"_",Parámetros!$C$6),DATA_KPI_PRE!A:F,6,FALSE),0) -> 0 | AQ52: =IFERROR(+(AN52/AP52)-1,0) -> 0 | AS52: =J52/D52 -> 0.42893271 | AT52: =P52/D52 -> 0.0034045284 | AU52: =V52/D52 -> 0 | AV52: =AB52/D52 -> 0 | AW52: =AH52/D52 -> 0.56766276 | AX52: =AN52/D52 -> 0 | AY52: =SUM(AS52:AX52) -> 1
A53: TOTAL | C53: =IFERROR(VLOOKUP(_xlfn.CONCAT($C$3,"_",A41,"_",C2,"_",Parámetros!$C$6),DATA_KPI!$A:$H,6,FALSE),0) -> 36766929 | D53: =IFERROR(VLOOKUP(_xlfn.CONCAT(D3,"_",A41,"_",C2,"_",Parámetros!$C$6),DATA_KPI!$A:$H,6,FALSE),0) -> 34233704 | E53: =IFERROR(+(D53/C53)-1,0) -> -0.068899545 | F53: =IFERROR(VLOOKUP(_xlfn.CONCAT($D$3,"_",A41,"_",$C$2,"_",Parámetros!$C$6),DATA_KPI_PRE!$A:$F,6,FALSE),0) -> 44520179 | G53: =IFERROR(+(D53/F53)-1,0) -> -0.23105195 | I53: =IFERROR(VLOOKUP(_xlfn.CONCAT($I$3,"_",A41,"_",$I$2,"_",Parámetros!$C$6),DATA_KPI!$A:$H,6,FALSE),0) -> 18455350 | J53: =IFERROR(VLOOKUP(_xlfn.CONCAT(J3,"_",A41,"_",$I$2,"_",Parámetros!$C$6),DATA_KPI!$A:$H,6,FALSE),0) -> 16366859 | K53: =IFERROR(+(J53/I53)-1,0) -> -0.11316456 | L53: =IFERROR(VLOOKUP(_xlfn.CONCAT(J3,"_",A41,"_",I2,"_",Parámetros!$C$6),DATA_KPI_PRE!$A:$F,6,FALSE),0) -> 0 | M53: =IFERROR(+(J53/L53)-1,0) -> 0 | O53: =IFERROR(VLOOKUP(_xlfn.CONCAT(O3,"_",A41,"_",O2,"_",Parámetros!$C$6),DATA_KPI!$A:$H,6,FALSE),0) -> 87522.18 | P53: =IFERROR(VLOOKUP(_xlfn.CONCAT(P3,"_",A41,"_",O2,"_",Parámetros!$C$6),DATA_KPI!$A:$H,6,FALSE),0) -> 105955.83 | Q53: =IFERROR(+(P53/O53)-1,0) -> 0.2106169 | R53: =IFERROR(VLOOKUP(_xlfn.CONCAT(P3,"_",A41,"_",O2,"_",Parámetros!$C$6),DATA_KPI_PRE!$A:$F,6,FALSE),0) -> 25094758 | S53: =IFERROR(+(P53/R53)-1,0) -> -0.99577777 | U53: =IFERROR(VLOOKUP(_xlfn.CONCAT(U3,"_",A41,"_",U2,"_",Parámetros!$C$6),DATA_KPI!$A:$H,6,FALSE),0) -> 0 | V53: =IFERROR(VLOOKUP(_xlfn.CONCAT(V3,"_",A41,"_",U2,"_",Parámetros!$C$6),DATA_KPI!$A:$H,6,FALSE),0) -> 0 | W53: =IFERROR(+(V53/U53)-1,0) -> 0 | X53: =IFERROR(VLOOKUP(_xlfn.CONCAT(V3,"_",A41,"_",U2,"_",Parámetros!$C$6),DATA_KPI_PRE!$A:$F,6,FALSE),0) -> 0 | Y53: =IFERROR(+(V53/X53)-1,0) -> 0 | AA53: =IFERROR(VLOOKUP(_xlfn.CONCAT(AA3,"_",A41,"_",AA2,"_",Parámetros!$C$6),DATA_KPI!$A:$H,6,FALSE),0) -> 10610.62 | AB53: =IFERROR(VLOOKUP(_xlfn.CONCAT(AB3,"_",A41,"_",AA2,"_",Parámetros!$C$6),DATA_KPI!$A:$H,6,FALSE),0) -> 0 | AC53: =IFERROR(+(AB53/AA53)-1,0) -> -1 | AD53: =IFERROR(VLOOKUP(_xlfn.CONCAT(AB3,"_",A41,"_",AA2,"_",Parámetros!$C$6),DATA_KPI_PRE!$A:$F,6,FALSE),0) -> 0 | AE53: =IFERROR(+(AB53/AD53)-1,0) -> 0 | AG53: =IFERROR(VLOOKUP(_xlfn.CONCAT(AG3,"_",A41,"_",AG2,"_",Parámetros!$C$6),DATA_KPI!$A:$H,6,FALSE),0) -> 18213446 | AH53: =IFERROR(VLOOKUP(_xlfn.CONCAT(AH3,"_",A41,"_",AG2,"_",Parámetros!$C$6),DATA_KPI!$A:$H,6,FALSE),0) -> 17760890 | AI53: =IFERROR(+(AH53/AG53)-1,0) -> -0.024847358 | AJ53: =IFERROR(VLOOKUP(_xlfn.CONCAT(AH3,"_",A41,"_",AG2,"_",Parámetros!$C$6),DATA_KPI_PRE!$A:$F,6,FALSE),0) -> 19425420 | AK53: =IFERROR(+(AH53/AJ53)-1,0) -> -0.08568827 | AM53: =IFERROR(VLOOKUP(_xlfn.CONCAT(AM3,"_",A41,"_",AM2,"_",Parámetros!$C$6),DATA_KPI!$A:$H,6,FALSE),0) -> 0 | AN53: =IFERROR(VLOOKUP(_xlfn.CONCAT(AN3,"_",A41,"_",AM2,"_",Parámetros!$C$6),DATA_KPI!$A:$H,6,FALSE),0) -> 0 | AO53: =IFERROR(AN53/AM53,0) -> 0 | AP53: =IFERROR(VLOOKUP(_xlfn.CONCAT(AN3,"_",A41,"_",AM2,"_",Parámetros!$C$6),DATA_KPI_PRE!$A:$F,6,FALSE),0) -> 0 | AQ53: =IFERROR(+(AN53/AP53)-1,0) -> 0 | AS53: =J53/D53 -> 0.47809196 | AT53: =P53/D53 -> 0.0030950735 | AU53: =V53/D53 -> 0 | AV53: =AB53/D53 -> 0 | AW53: =AH53/D53 -> 0.51881297 | AX53: =AN53/D53 -> 0 | AY53: =SUM(AS53:AX53) -> 1
C54: =SUM(C42:C52) -> 36766929 | D54: =SUM(D42:D52) -> 34233704 | F54: =SUM(F42:F52) -> 44520179 | I54: =SUM(I42:I52) -> 18455350 | J54: =SUM(J42:J52) -> 16366859 | O54: =SUM(O42:O52) -> 87522.18 | P54: =SUM(P42:P52) -> 105955.83 | R54: =SUM(R42:R52) -> 25094758 | U54: =SUM(U42:U52) -> 0 | V54: =SUM(V42:V52) -> 0 | AA54: =SUM(AA42:AA52) -> 10610.62 | AB54: =SUM(AB42:AB52) -> 0 | AG54: =SUM(AG42:AG52) -> 18213446 | AH54: =SUM(AH42:AH52) -> 17760890 | AJ54: =SUM(AJ42:AJ52) -> 19425420 | AM54: =SUM(AM42:AM52) -> 0 | AN54: =SUM(AN42:AN52) -> 0 | AP54: =SUM(AP42:AP52) -> 0
B55: =IFERROR(VLOOKUP(A55,DATA_KPI!M:Q,5,FALSE),"")
A56: Agrupaciones | B56: =IFERROR(VLOOKUP(A56,DATA_KPI!M:Q,5,FALSE),"")
A57: Corporativo | B57: G30 | C57: =C30+C33+C39+C53 -> 5.1641395e+08 | D57: =D30+D33+D39+D53 -> 4.9216625e+08 | E57: =IFERROR(+(D57/C57)-1,0) -> -0.046954005 | F57: =F30+F33+F39+F53 -> 5.5168111e+08 | G57: =IFERROR(+(D57/F57)-1,0) -> -0.10787911 | I57: =I30+I33+I39+I53 -> 3.3713525e+08 | J57: =J30+J33+J39+J53 -> 3.2931379e+08 | K57: =IFERROR(+(J57/I57)-1,0) -> -0.023199791 | L57: =L30+L33+L39+L53 -> 3.3302116e+08 | M57: =IFERROR(+(J57/L57)-1,0) -> -0.011132544 | O57: =O30+O33+O39+O53 -> 49177466 | P57: =P30+P33+P39+P53 -> 37930489 | Q57: =IFERROR(+(P57/O57)-1,0) -> -0.22870184 | R57: =R30+R33+R39+R53 -> 82702012 | S57: =IFERROR(+(P57/R57)-1,0) -> -0.54135953 | U57: =U30+U33+U39+U53 -> 1402823.6 | V57: =V30+V33+V39+V53 -> 1678471.5 | W57: =IFERROR(+(V57/U57)-1,0) -> 0.19649511 | X57: =X30+X33+X39+X53 -> 1688666.9 | Y57: =IFERROR(+(V57/X57)-1,0) -> -0.0060375457 | AA57: =AA30+AA33+AA39+AA53 -> 6892289.7 | AB57: =AB30+AB33+AB39+AB53 -> 4766224.8 | AC57: =IFERROR(+(AB57/AA57)-1,0) -> -0.30847004 | AD57: =AD30+AD33+AD39+AD53 -> 11130302 | AE57: =IFERROR(+(AB57/AD57)-1,0) -> -0.57177938 | AG57: =AG30+AG33+AG39+AG53 -> 1.211556e+08 | AH57: =AH30+AH33+AH39+AH53 -> 1.1754367e+08 | AI57: =IFERROR(+(AH57/AG57)-1,0) -> -0.029812312 | AJ57: =AJ30+AJ33+AJ39+AJ53 -> 1.2221393e+08 | AK57: =IFERROR(+(AH57/AJ57)-1,0) -> -0.038213772 | AM57: =AM30+AM33+AM39+AM53 -> 650514.82 | AN57: =AN30+AN33+AN39+AN53 -> 933601.22 | AO57: =IFERROR(AN57/AM57,0) -> 1.4351729 | AP57: =AP30+AP33+AP39+AP53 -> 925044.65 | AQ57: =IFERROR(+(AN57/AP57)-1,0) -> 0.0092499026 | AS57: =J57/D57 -> 0.66911087 | AT57: =P57/D57 -> 0.077068449 | AU57: =V57/D57 -> 0.0034103751 | AV57: =AB57/D57 -> 0.0096841765 | AW57: =AH57/D57 -> 0.23882921 | AX57: =AN57/D57 -> 0.0018969225 | AY57: =SUM(AS57:AX57) -> 1
A58: Free Standing | B58: G31 | C58: =C13+C4+C11+C9+C14+C27+C24+C29+C6+C20+C25 -> 2.1947839e+08 | D58: =D13+D4+D11+D9+D14+D27+D24+D29+D6+D20+D25 -> 2.041714e+08 | E58: =IFERROR(+(D58/C58)-1,0) -> -0.069742597 | F58: =F13+F4+F11+F9+F14+F27+F24+F29+F6+F20+F25 -> 2.1624537e+08 | G58: =IFERROR(+(D58/F58)-1,0) -> -0.055834595 | I58: =I13+I4+I11+I9+I14+I27+I24+I29+I6+I20+I25 -> 1.3206109e+08 | J58: =J13+J4+J11+J9+J14+J27+J24+J29+J6+J20+J25 -> 1.2240365e+08 | K58: =IFERROR(+(J58/I58)-1,0) -> -0.073128562 | L58: =L13+L4+L11+L9+L14+L27+L24+L29+L6+L20+L25 -> 1.24523e+08 | M58: =IFERROR(+(J58/L58)-1,0) -> -0.017019732 | O58: =O13+O4+O11+O9+O14+O27+O24+O29+O6+O20+O25 -> 15433086 | P58: =P13+P4+P11+P9+P14+P27+P24+P29+P6+P20+P25 -> 13322424 | Q58: =IFERROR(+(P58/O58)-1,0) -> -0.13676217 | R58: =R13+R4+R11+R9+R14+R27+R24+R29+R6+R20+R25 -> 16097116 | S58: =IFERROR(+(P58/R58)-1,0) -> -0.17237197 | U58: =U13+U4+U11+U9+U14+U27+U24+U29+U6+U20+U25 -> 1402823.6 | V58: =V13+V4+V11+V9+V14+V27+V24+V29+V6+V20+V25 -> 1678471.5 | W58: =IFERROR(+(V58/U58)-1,0) -> 0.19649511 | X58: =X13+X4+X11+X9+X14+X27+X24+X29+X6+X20+X25 -> 1688666.9 | Y58: =IFERROR(+(V58/X58)-1,0) -> -0.0060375457 | AA58: =AA13+AA4+AA11+AA9+AA14+AA27+AA24+AA29+AA6+AA20+AA25 -> 5559484.6 | AB58: =AB13+AB4+AB11+AB9+AB14+AB27+AB24+AB29+AB6+AB20+AB25 -> 4155095.5 | AC58: =IFERROR(+(AB58/AA58)-1,0) -> -0.2526114 | AD58: =AD13+AD4+AD11+AD9+AD14+AD27+AD24+AD29+AD6+AD20+AD25 -> 9027682.7 | AE58: =IFERROR(+(AB58/AD58)-1,0) -> -0.53973843 | AG58: =AG13+AG4+AG11+AG9+AG14+AG27+AG24+AG29+AG6+AG20+AG25 -> 64478946 | AH58: =AH13+AH4+AH11+AH9+AH14+AH27+AH24+AH29+AH6+AH20+AH25 -> 62056428 | AI58: =IFERROR(+(AH58/AG58)-1,0) -> -0.037570681 | AJ58: =AJ13+AJ4+AJ11+AJ9+AJ14+AJ27+AJ24+AJ29+AJ6+AJ20+AJ25 -> 64150523 | AK58: =IFERROR(+(AH58/AJ58)-1,0) -> -0.032643452 | AM58: =AM13+AM4+AM11+AM9+AM14+AM27+AM24+AM29+AM6+AM20+AM25 -> 542961.73 | AN58: =AN13+AN4+AN11+AN9+AN14+AN27+AN24+AN29+AN6+AN20+AN25 -> 555327.67 | AO58: =IFERROR(AN58/AM58,0) -> 1.022775 | AP58: =AP13+AP4+AP11+AP9+AP14+AP27+AP24+AP29+AP6+AP20+AP25 -> 758383.59 | AQ58: =IFERROR(+(AN58/AP58)-1,0) -> -0.2677483 | AS58: =J58/D58 -> 0.59951419 | AT58: =P58/D58 -> 0.065251177 | AU58: =V58/D58 -> 0.0082208946 | AV58: =AB58/D58 -> 0.020351016 | AW58: =AH58/D58 -> 0.30394281 | AX58: =AN58/D58 -> 0.0027199092 | AY58: =SUM(AS58:AX58) -> 1
A59: Mall | B59: G32 | C59: =C17+C28+C16+C15+C7+C18+C36+C37 -> 1.2581443e+08 | D59: =D17+D28+D16+D15+D7+D18+D36+D37 -> 1.2914692e+08 | E59: =IFERROR(+(D59/C59)-1,0) -> 0.026487358 | F59: =F17+F28+F16+F15+F7+F18+F36+F37 -> 1.4578677e+08 | G59: =IFERROR(+(D59/F59)-1,0) -> -0.1141383 | I59: =I17+I28+I16+I15+I7+I18+I36+I37 -> 1.1155425e+08 | J59: =J17+J28+J16+J15+J7+J18+J36+J37 -> 1.1425753e+08 | K59: =IFERROR(+(J59/I59)-1,0) -> 0.024232831 | L59: =L17+L28+L16+L15+L7+L18+L36+L37 -> 1.2915287e+08 | M59: =IFERROR(+(J59/L59)-1,0) -> -0.11533111 | O59: =O17+O28+O16+O15+O7+O18+O36+O37 -> 3510146.7 | P59: =P17+P28+P16+P15+P7+P18+P36+P37 -> 3656871.6 | Q59: =IFERROR(+(P59/O59)-1,0) -> 0.041800222 | R59: =R17+R28+R16+R15+R7+R18+R36+R37 -> 6325796.6 | S59: =IFERROR(+(P59/R59)-1,0) -> -0.42191129 | U59: =U17+U28+U16+U15+U7+U18+U36+U37 -> 0 | V59: =V17+V28+V16+V15+V7+V18+V36+V37 -> 0 | W59: =IFERROR(+(V59/U59)-1,0) -> 0 | X59: =X17+X28+X16+X15+X7+X18+X36+X37 -> 0 | Y59: =IFERROR(+(V59/X59)-1,0) -> 0 | AA59: =AA17+AA28+AA16+AA15+AA7+AA18+AA36+AA37 -> 0 | AB59: =AB17+AB28+AB16+AB15+AB7+AB18+AB36+AB37 -> 0 | AC59: =IFERROR(+(AB59/AA59)-1,0) -> 0 | AD59: =AD17+AD28+AD16+AD15+AD7+AD18+AD36+AD37 -> 0 | AE59: =IFERROR(+(AB59/AD59)-1,0) -> 0 | AG59: =AG17+AG28+AG16+AG15+AG7+AG18+AG36+AG37 -> 10750029 | AH59: =AH17+AH28+AH16+AH15+AH7+AH18+AH36+AH37 -> 11232521 | AI59: =IFERROR(+(AH59/AG59)-1,0) -> 0.044882808 | AJ59: =AJ17+AJ28+AJ16+AJ15+AJ7+AJ18+AJ36+AJ37 -> 10308107 | AK59: =IFERROR(+(AH59/AJ59)-1,0) -> 0.089678352 | AM59: =AM17+AM28+AM16+AM15+AM7+AM18+AM36+AM37 -> 0 | AN59: =AN17+AN28+AN16+AN15+AN7+AN18+AN36+AN37 -> 0 | AO59: =IFERROR(AN59/AM59,0) -> 0 | AP59: =AP17+AP28+AP16+AP15+AP7+AP18+AP36+AP37 -> 0 | AQ59: =IFERROR(+(AN59/AP59)-1,0) -> 0 | AS59: =J59/D59 -> 0.88470966 | AT59: =P59/D59 -> 0.028315593 | AU59: =V59/D59 -> 0 | AV59: =AB59/D59 -> 0 | AW59: =AH59/D59 -> 0.08697475 | AX59: =AN59/D59 -> 0 | AY59: =SUM(AS59:AX59) -> 1
A60: Plaza | B60: G33 | C60: =C10+C26+C5+C21+C23+C22+C8 -> 92597986 | D60: =D10+D26+D5+D21+D23+D22+D8 -> 89600291 | E60: =IFERROR(+(D60/C60)-1,0) -> -0.032373224 | F60: =F10+F26+F5+F21+F23+F22+F8 -> 97317486 | G60: =IFERROR(+(D60/F60)-1,0) -> -0.079299164 | I60: =I10+I26+I5+I21+I23+I22+I8 -> 55700941 | J60: =J10+J26+J5+J21+J23+J22+J8 -> 57141732 | K60: =IFERROR(+(J60/I60)-1,0) -> 0.025866547 | L60: =L10+L26+L5+L21+L23+L22+L8 -> 58504517 | M60: =IFERROR(+(J60/L60)-1,0) -> -0.023293664 | O60: =O10+O26+O5+O21+O23+O22+O8 -> 7754116.7 | P60: =P10+P26+P5+P21+P23+P22+P8 -> 4975321 | Q60: =IFERROR(+(P60/O60)-1,0) -> -0.35836392 | R60: =R10+R26+R5+R21+R23+R22+R8 -> 8213810.3 | S60: =IFERROR(+(P60/R60)-1,0) -> -0.39427369 | U60: =U10+U26+U5+U21+U23+U22+U8 -> 0 | V60: =V10+V26+V5+V21+V23+V22+V8 -> 0 | W60: =IFERROR(+(V60/U60)-1,0) -> 0 | X60: =X10+X26+X5+X21+X23+X22+X8 -> 0 | Y60: =IFERROR(+(V60/X60)-1,0) -> 0 | AA60: =AA10+AA26+AA5+AA21+AA23+AA22+AA8 -> 1322194.4 | AB60: =AB10+AB26+AB5+AB21+AB23+AB22+AB8 -> 611129.34 | AC60: =IFERROR(+(AB60/AA60)-1,0) -> -0.53779162 | AD60: =AD10+AD26+AD5+AD21+AD23+AD22+AD8 -> 2102619.3 | AE60: =IFERROR(+(AB60/AD60)-1,0) -> -0.70934855 | AG60: =AG10+AG26+AG5+AG21+AG23+AG22+AG8 -> 27713181 | AH60: =AH10+AH26+AH5+AH21+AH23+AH22+AH8 -> 26493835 | AI60: =IFERROR(+(AH60/AG60)-1,0) -> -0.043998781 | AJ60: =AJ10+AJ26+AJ5+AJ21+AJ23+AJ22+AJ8 -> 28329879 | AK60: =IFERROR(+(AH60/AJ60)-1,0) -> -0.064809455 | AM60: =AM10+AM26+AM5+AM21+AM23+AM22+AM8 -> 107553.09 | AN60: =AN10+AN26+AN5+AN21+AN23+AN22+AN8 -> 378273.55 | AO60: =IFERROR(AN60/AM60,0) -> 3.5170868 | AP60: =AP10+AP26+AP5+AP21+AP23+AP22+AP8 -> 166661.06 | AQ60: =IFERROR(+(AN60/AP60)-1,0) -> 1.2697176 | AS60: =J60/D60 -> 0.63774047 | AT60: =P60/D60 -> 0.055527956 | AU60: =V60/D60 -> 0 | AV60: =AB60/D60 -> 0.0068206178 | AW60: =AH60/D60 -> 0.29568916 | AX60: =AN60/D60 -> 0.0042217893 | AY60: =SUM(AS60:AX60) -> 1
A61: Zona 1 | B61: G36 | C61: =C13+C4+C26+C14+C27+C29+C21+C23+C15+C7+C22+C8+C18+C19+C12+C25 -> 2.6087518e+08 | D61: =D13+D4+D26+D14+D27+D29+D21+D23+D15+D7+D22+D8+D18+D19+D12+D25 -> 2.405423e+08 | E61: =IFERROR(+(D61/C61)-1,0) -> -0.077941024 | F61: =F13+F4+F26+F14+F27+F29+F21+F23+F15+F7+F22+F8+F18+F19+F12+F25 -> 2.6111197e+08 | G61: =IFERROR(+(D61/F61)-1,0) -> -0.078777208 | I61: =I13+I4+I26+I14+I27+I29+I21+I23+I15+I7+I22+I8+I18+I19+I12+I25 -> 1.6699503e+08 | J61: =J13+J4+J26+J14+J27+J29+J21+J23+J15+J7+J22+J8+J18+J19+J12+J25 -> 1.5961291e+08 | K61: =IFERROR(+(J61/I61)-1,0) -> -0.04420563 | L61: =L13+L4+L26+L14+L27+L29+L21+L23+L15+L7+L22+L8+L18+L19+L12+L25 -> 1.632255e+08 | M61: =IFERROR(+(J61/L61)-1,0) -> -0.022132482 | O61: =O13+O4+O26+O14+O27+O29+O21+O23+O15+O7+O22+O8+O18+O19+O12+O25 -> 35158670 | P61: =P13+P4+P26+P14+P27+P29+P21+P23+P15+P7+P22+P8+P18+P19+P12+P25 -> 26047983 | Q61: =IFERROR(+(P61/O61)-1,0) -> -0.25913058 | R61: =R13+R4+R26+R14+R27+R29+R21+R23+R15+R7+R22+R8+R18+R19+R12+R25 -> 36257214 | S61: =IFERROR(+(P61/R61)-1,0) -> -0.28157791 | U61: =U13+U4+U26+U14+U27+U29+U21+U23+U15+U7+U22+U8+U18+U19+U12+U25 -> 1402823.6 | V61: =V13+V4+V26+V14+V27+V29+V21+V23+V15+V7+V22+V8+V18+V19+V12+V25 -> 1678471.5 | W61: =IFERROR(+(V61/U61)-1,0) -> 0.19649511 | X61: =X13+X4+X26+X14+X27+X29+X21+X23+X15+X7+X22+X8+X18+X19+X12+X25 -> 1688666.9 | Y61: =IFERROR(+(V61/X61)-1,0) -> -0.0060375457 | AA61: =AA13+AA4+AA26+AA14+AA27+AA29+AA21+AA23+AA15+AA7+AA22+AA8+AA18+AA19+AA12+AA25 -> 3561907.9 | AB61: =AB13+AB4+AB26+AB14+AB27+AB29+AB21+AB23+AB15+AB7+AB22+AB8+AB18+AB19+AB12+AB25 -> 2065453.9 | AC61: =IFERROR(+(AB61/AA61)-1,0) -> -0.42012707 | AD61: =AD13+AD4+AD26+AD14+AD27+AD29+AD21+AD23+AD15+AD7+AD22+AD8+AD18+AD19+AD12+AD25 -> 6481940 | AE61: =IFERROR(+(AB61/AD61)-1,0) -> -0.68135251 | AG61: =AG13+AG4+AG26+AG14+AG27+AG29+AG21+AG23+AG15+AG7+AG22+AG8+AG18+AG19+AG12+AG25 -> 53435369 | AH61: =AH13+AH4+AH26+AH14+AH27+AH29+AH21+AH23+AH15+AH7+AH22+AH8+AH18+AH19+AH12+AH25 -> 50619813 | AI61: =IFERROR(+(AH61/AG61)-1,0) -> -0.052690879 | AJ61: =AJ13+AJ4+AJ26+AJ14+AJ27+AJ29+AJ21+AJ23+AJ15+AJ7+AJ22+AJ8+AJ18+AJ19+AJ12+AJ25 -> 52972302 | AK61: =IFERROR(+(AH61/AJ61)-1,0) -> -0.044409795 | AM61: =AM13+AM4+AM26+AM14+AM27+AM29+AM21+AM23+AM15+AM7+AM22+AM8+AM18+AM19+AM12+AM25 -> 321369.29 | AN61: =AN13+AN4+AN26+AN14+AN27+AN29+AN21+AN23+AN15+AN7+AN22+AN8+AN18+AN19+AN12+AN25 -> 517660.75 | AO61: =IFERROR(AN61/AM61,0) -> 1.6107972 | AP61: =AP13+AP4+AP26+AP14+AP27+AP29+AP21+AP23+AP15+AP7+AP22+AP8+AP18+AP19+AP12+AP25 -> 486346.1 | AQ61: =IFERROR(+(AN61/AP61)-1,0) -> 0.064387574 | AS61: =J61/D61 -> 0.66355446 | AT61: =P61/D61 -> 0.10828858 | AU61: =V61/D61 -> 0.0069778644 | AV61: =AB61/D61 -> 0.0085866559 | AW61: =AH61/D61 -> 0.21044038 | AX61: =AN61/D61 -> 0.0021520571 | AY61: =SUM(AS61:AX61) -> 1
A62: Zona 2 | B62: G37 | C62: =C10+C17+C11+C9+C28+C5+C16+C6+C24+C20 -> 2.1877185e+08 | D62: =D25+D10+D17+D11+D9+D24+D28+D5+D16+D6 -> 1.9111797e+08 | E62: =IFERROR(+(D62/C62)-1,0) -> -0.1264051 | F62: =IFERROR(VLOOKUP(_xlfn.CONCAT($D$3,"_",A62,"_",$C$2,"_",Parámetros!$C$6),DATA_KPI_PRE!$A:$F,6,FALSE),0) -> 0 | G62: =IFERROR(+(D62/F62)-1,0) -> 0 | I62: =IFERROR(VLOOKUP(_xlfn.CONCAT($I$3,"_",A62,"_",$I$2,"_",Parámetros!$C$6),DATA_KPI!$A:$H,6,FALSE),0) -> 0 | J62: =IFERROR(VLOOKUP(_xlfn.CONCAT(J8,"_",A62,"_",$I$2,"_",Parámetros!$C$6),DATA_KPI!$A:$H,6,FALSE),0) -> 0 | K62: =IFERROR(+(J62/I62)-1,0) -> 0 | L62: =IFERROR(VLOOKUP(_xlfn.CONCAT(J8,"_",A62,"_",I7,"_",Parámetros!$C$6),DATA_KPI_PRE!$A:$F,6,FALSE),0) -> 0 | M62: =IFERROR(+(J62/L62)-1,0) -> 0 | O62: =IFERROR(VLOOKUP(_xlfn.CONCAT(O8,"_",A62,"_",O7,"_",Parámetros!$C$6),DATA_KPI!$A:$H,6,FALSE),0) -> 0 | P62: =IFERROR(VLOOKUP(_xlfn.CONCAT(P8,"_",A62,"_",O7,"_",Parámetros!$C$6),DATA_KPI!$A:$H,6,FALSE),0) -> 0 | Q62: =IFERROR(+(P62/O62)-1,0) -> 0 | R62: =IFERROR(VLOOKUP(_xlfn.CONCAT(P8,"_",A62,"_",O7,"_",Parámetros!$C$6),DATA_KPI_PRE!$A:$F,6,FALSE),0) -> 0 | S62: =IFERROR(+(P62/R62)-1,0) -> 0 | U62: =IFERROR(VLOOKUP(_xlfn.CONCAT(U8,"_",A62,"_",U7,"_",Parámetros!$C$6),DATA_KPI!$A:$H,6,FALSE),0) -> 0 | V62: =IFERROR(VLOOKUP(_xlfn.CONCAT(V8,"_",A62,"_",U7,"_",Parámetros!$C$6),DATA_KPI!$A:$H,6,FALSE),0) -> 0 | W62: =IFERROR(+(V62/U62)-1,0) -> 0 | X62: =IFERROR(VLOOKUP(_xlfn.CONCAT(V8,"_",A62,"_",U7,"_",Parámetros!$C$6),DATA_KPI_PRE!$A:$F,6,FALSE),0) -> 0 | Y62: =IFERROR(+(V62/X62)-1,0) -> 0 | AA62: =IFERROR(VLOOKUP(_xlfn.CONCAT(AA8,"_",A62,"_",AA7,"_",Parámetros!$C$6),DATA_KPI!$A:$H,6,FALSE),0) -> 0 | AB62: =IFERROR(VLOOKUP(_xlfn.CONCAT(AB8,"_",A62,"_",AA7,"_",Parámetros!$C$6),DATA_KPI!$A:$H,6,FALSE),0) -> 0 | AC62: =IFERROR(+(AB62/AA62)-1,0) -> 0 | AD62: =IFERROR(VLOOKUP(_xlfn.CONCAT(AB8,"_",A62,"_",AA7,"_",Parámetros!$C$6),DATA_KPI_PRE!$A:$F,6,FALSE),0) -> 0 | AE62: =IFERROR(+(AB62/AD62)-1,0) -> 0 | AG62: =IFERROR(VLOOKUP(_xlfn.CONCAT(AG8,"_",A62,"_",AG7,"_",Parámetros!$C$6),DATA_KPI!$A:$H,6,FALSE),0) -> 0 | AH62: =IFERROR(VLOOKUP(_xlfn.CONCAT(AH8,"_",A62,"_",AG7,"_",Parámetros!$C$6),DATA_KPI!$A:$H,6,FALSE),0) -> 0 | AI62: =IFERROR(+(AH62/AG62)-1,0) -> 0 | AJ62: =IFERROR(VLOOKUP(_xlfn.CONCAT(AH8,"_",A62,"_",AG7,"_",Parámetros!$C$6),DATA_KPI_PRE!$A:$F,6,FALSE),0) -> 0 | AK62: =IFERROR(+(AH62/AJ62)-1,0) -> 0 | AM62: =IFERROR(VLOOKUP(_xlfn.CONCAT(AM8,"_",A62,"_",AM7,"_",Parámetros!$C$6),DATA_KPI!$A:$H,6,FALSE),0) -> 0 | AN62: =IFERROR(VLOOKUP(_xlfn.CONCAT(AN8,"_",A62,"_",AM7,"_",Parámetros!$C$6),DATA_KPI!$A:$H,6,FALSE),0) -> 0 | AO62: =IFERROR(AN62/AM62,0) -> 0 | AP62: =IFERROR(VLOOKUP(_xlfn.CONCAT(AN8,"_",A62,"_",AM7,"_",Parámetros!$C$6),DATA_KPI_PRE!$A:$F,6,FALSE),0) -> 0 | AQ62: =IFERROR(+(AN62/AP62)-1,0) -> 0 | AS62: =J62/D62 -> 0 | AT62: =P62/D62 -> 0 | AU62: =V62/D62 -> 0 | AV62: =AB62/D62 -> 0 | AW62: =AH62/D62 -> 0 | AX62: =AN62/D62 -> 0 | AY62: =SUM(AS62:AX62) -> 0
A63: Zona 3 | B63: G38 | C63: =C36+C37 -> 0 | D63: =D36+D37 -> 15557178 | E63: =IFERROR(+(D63/C63)-1,0) -> 0 | F63: =F36+F37 -> 25174968 | G63: =IFERROR(+(D63/F63)-1,0) -> -0.38203784 | I63: =I36+I37 -> 0 | J63: =J36+J37 -> 14594804 | K63: =IFERROR(+(J63/I63)-1,0) -> 0 | L63: =L36+L37 -> 23774027 | M63: =IFERROR(+(J63/L63)-1,0) -> -0.38610299 | O63: =O36+O37 -> 0 | P63: =P36+P37 -> 962373.45 | Q63: =IFERROR(+(P63/O63)-1,0) -> 0 | R63: =R36+R37 -> 1400940.9 | S63: =IFERROR(+(P63/R63)-1,0) -> -0.31305208 | U63: =U36+U37 -> 0 | V63: =V36+V37 -> 0 | W63: =IFERROR(+(V63/U63)-1,0) -> 0 | X63: =X36+X37 -> 0 | Y63: =IFERROR(+(V63/X63)-1,0) -> 0 | AA63: =AA36+AA37 -> 0 | AB63: =AB36+AB37 -> 0 | AC63: =IFERROR(+(AB63/AA63)-1,0) -> 0 | AD63: =AD36+AD37 -> 0 | AE63: =IFERROR(+(AB63/AD63)-1,0) -> 0 | AG63: =AG36+AG37 -> 0 | AH63: =AH36+AH37 -> 0 | AI63: =IFERROR(+(AH63/AG63)-1,0) -> 0 | AJ63: =AJ36+AJ37 -> 0 | AK63: =IFERROR(+(AH63/AJ63)-1,0) -> 0 | AM63: =AM36+AM37 -> 0 | AN63: =AN36+AN37 -> 0 | AO63: =IFERROR(AN63/AM63,0) -> 0 | AP63: =AP36+AP37 -> 0 | AQ63: =IFERROR(+(AN63/AP63)-1,0) -> 0

Sheet Agrupacion
A1: =+Parámetros!C4 -> 46065 | AS1: Ecomm / Express
C2: Total | I2: Salón | O2: UberEats | U2: Llevar | AA2: AutoPollo | AG2: Express | AM2: ECommerce
B3: CREF | C3: 2025 | D3: 2026 | E3: % | F3: PRE | G3: %P | I3: =C3 -> 2025 | J3: =D3 -> 2026 | K3: 25/26 | L3: PRE | M3: %P | O3: =AG3 -> 2025 | P3: =AH3 -> 2026 | Q3: 25/26 | R3: PRE | S3: %P | U3: =I3 -> 2025 | V3: =J3 -> 2026 | W3: 25/26 | X3: PRE | Y3: %P | AA3: =U3 -> 2025 | AB3: =V3 -> 2026 | AC3: 25/26 | AD3: PRE | AE3: %P | AG3: =AA3 -> 2025 | AH3: =AB3 -> 2026 | AI3: 25/26 | AJ3: PRE | AK3: %P | AM3: =O3 -> 2025 | AN3: =P3 -> 2026 | AO3: 25/26 | AP3: PRE | AQ3: %P | AS3: =U3 -> 2025 | AT3: =V3 -> 2026 | AU3: 25/26 | AV3: PRE | AW3: %P
A4: Restaurantes
A5: Coordinador 2
A6: Tibas | B6: =IF(IFERROR(VLOOKUP(A6,DATA_KPI!$D:$H,5,FALSE),"")="",VLOOKUP(A6,DATA_KPI_PRE!$D:$H,5,FALSE),VLOOKUP(A6,DATA_KPI!$D:$H,5,FALSE)) -> S20 | C6: =IFERROR(VLOOKUP(_xlfn.CONCAT($C$3,"_",B6,"_",$C$2,"_",Parámetros!$C$6),DATA_KPI!$A:$H,6,FALSE),0) -> 23200860 | D6: =IFERROR(VLOOKUP(_xlfn.CONCAT($D$3,"_",B6,"_",$C$2,"_",Parámetros!$C$6),DATA_KPI!A:H,6,FALSE),0) -> 22505366 | E6: =IFERROR(+(D6/C6)-1,0) -> -0.029977066 | F6: =IFERROR(VLOOKUP(_xlfn.CONCAT($D$3,"_",B6,"_",$C$2,"_",Parámetros!$C$6),DATA_KPI_PRE!$A:$F,6,FALSE),0) -> 22881447 | G6: =IFERROR(+(D6/F6)-1,0) -> -0.016436083 | I6: =IFERROR(VLOOKUP(_xlfn.CONCAT($I$3,"_",B6,"_",$I$2,"_",Parámetros!$C$6),DATA_KPI!$A:$H,6,FALSE),0) -> 15590030 | J6: =IFERROR(VLOOKUP(_xlfn.CONCAT($J$3,"_",B6,"_",$I$2,"_",Parámetros!$C$6),DATA_KPI!$A:$H,6,FALSE),0) -> 15093780 | K6: =IFERROR(+(J6/I6)-1,0) -> -0.031831247 | L6: =IFERROR(VLOOKUP(_xlfn.CONCAT($J$3,"_",B6,"_",$I$2,"_",Parámetros!$C$6),DATA_KPI_PRE!A:F,6,FALSE),0) -> 15316810 | M6: =IFERROR(+(J6/L6)-1,0) -> -0.014561147 | O6: =IFERROR(VLOOKUP(_xlfn.CONCAT($O$3,"_",B6,"_",$O$2,"_",Parámetros!$C$6),DATA_KPI!$A:$H,6,FALSE),0) -> 4129415.5 | P6: =IFERROR(VLOOKUP(_xlfn.CONCAT($P$3,"_",B6,"_",$O$2,"_",Parámetros!$C$6),DATA_KPI!$A:$H,6,FALSE),0) -> 4666839.7 | Q6: =IFERROR(+(P6/O6)-1,0) -> 0.13014534 | R6: =IFERROR(VLOOKUP(_xlfn.CONCAT($P$3,"_",B6,"_",$O$2,"_",Parámetros!$C$6),DATA_KPI_PRE!A:F,6,FALSE),0) -> 3989699.3 | S6: =IFERROR(+(P6/R6)-1,0) -> 0.16972214 | U6: =IFERROR(VLOOKUP(_xlfn.CONCAT($U$3,"_",B6,"_",$U$2,"_",Parámetros!$C$6),DATA_KPI!$A:$H,6,FALSE),0) -> 2614942 | V6: =IFERROR(VLOOKUP(_xlfn.CONCAT($V$3,"_",B6,"_",$U$2,"_",Parámetros!$C$6),DATA_KPI!$A:$H,6,FALSE),0) -> 2170722.1 | W6: =IFERROR(+(V6/U6)-1,0) -> -0.16987753 | X6: =IFERROR(VLOOKUP(_xlfn.CONCAT($V$3,"_",B6,"_",$U$2,"_",Parámetros!$C$6),DATA_KPI_PRE!A:F,6,FALSE),0) -> 2096643.2 | Y6: =IFERROR(+(V6/X6)-1,0) -> 0.035332158 | AA6: =IFERROR(VLOOKUP(_xlfn.CONCAT($AA$3,"_",B6,"_",$AA$2,"_",Parámetros!$C$6),DATA_KPI!$A:$H,6,FALSE),0) -> 0 | AB6: =IFERROR(VLOOKUP(_xlfn.CONCAT($AB$3,"_",B6,"_",$AA$2,"_",Parámetros!$C$6),DATA_KPI!$A:$H,6,FALSE),0) -> 0 | AC6: =IFERROR(+(AB6/AA6)-1,0) -> 0 | AD6: =IFERROR(VLOOKUP(_xlfn.CONCAT($AB$3,"_",B6,"_",$AA$2,"_",Parámetros!$C$6),DATA_KPI_PRE!A:F,6,FALSE),0) -> 0 | AE6: =IFERROR(+(AB6/AD6)-1,0) -> 0 | AG6: =IFERROR(VLOOKUP(_xlfn.CONCAT($AG$3,"_",B6,"_",$AG$2,"_",Parámetros!$C$6),DATA_KPI!$A:$H,6,FALSE),0) -> 861525.13 | AH6: =IFERROR(VLOOKUP(_xlfn.CONCAT($AH$3,"_",B6,"_",$AG$2,"_",Parámetros!$C$6),DATA_KPI!$A:$H,6,FALSE),0) -> 552794.04 | AI6: =IFERROR(+(AH6/AG6)-1,0) -> -0.35835413 | AJ6: =IFERROR(VLOOKUP(_xlfn.CONCAT($AH$3,"_",B6,"_",$AG$2,"_",Parámetros!$C$6),DATA_KPI_PRE!A:F,6,FALSE),0) -> 1469062.7 | AK6: =IFERROR(+(AH6/AJ6)-1,0) -> -0.62370971 | AM6: =IFERROR(VLOOKUP(_xlfn.CONCAT($AM$3,"_",B6,"_",$AM$2,"_",Parámetros!$C$6),DATA_KPI!$A:$H,6,FALSE),0) -> 4946.91 | AN6: =IFERROR(VLOOKUP(_xlfn.CONCAT($AN$3,"_",B6,"_",$AM$2,"_",Parámetros!$C$6),DATA_KPI!$A:$H,6,FALSE),0) -> 21230.09 | AO6: =IFERROR(+AN6/AM6,0) -> 4.2915861 | AP6: =IFERROR(VLOOKUP(_xlfn.CONCAT($AN$3,"_",B6,"_",$AM$2,"_",Parámetros!$C$6),DATA_KPI_PRE!A:F,6,FALSE),0) -> 9231.6998 | AQ6: =IFERROR(+(AN6/AP6)-1,0) -> 1.2996946 | AS6: =+AM6+AG6 -> 866472.04 | AT6: =+AN6+AH6 -> 574024.13 | AU6: =IFERROR(+AT6/AS6,0) -> 0.66248431 | AV6: =+AP6+AJ6 -> 1478294.4 | AW6: =IFERROR(+(AT6/AV6)-1,0) -> -0.61169837
A7: Lincoln | B7: =IF(IFERROR(VLOOKUP(A7,DATA_KPI!$D:$H,5,FALSE),"")="",VLOOKUP(A7,DATA_KPI_PRE!$D:$H,5,FALSE),VLOOKUP(A7,DATA_KPI!$D:$H,5,FALSE)) -> S32 | C7: =IFERROR(VLOOKUP(_xlfn.CONCAT($C$3,"_",B7,"_",$C$2,"_",Parámetros!$C$6),DATA_KPI!$A:$H,6,FALSE),0) -> 15957425 | D7: =IFERROR(VLOOKUP(_xlfn.CONCAT($D$3,"_",B7,"_",$C$2,"_",Parámetros!$C$6),DATA_KPI!A:H,6,FALSE),0) -> 15917707 | E7: =IFERROR(+(D7/C7)-1,0) -> -0.0024889886 | F7: =IFERROR(VLOOKUP(_xlfn.CONCAT($D$3,"_",B7,"_",$C$2,"_",Parámetros!$C$6),DATA_KPI_PRE!$A:$F,6,FALSE),0) -> 15968373 | G7: =IFERROR(+(D7/F7)-1,0) -> -0.0031728493 | I7: =IFERROR(VLOOKUP(_xlfn.CONCAT($I$3,"_",B7,"_",$I$2,"_",Parámetros!$C$6),DATA_KPI!$A:$H,6,FALSE),0) -> 13081281 | J7: =IFERROR(VLOOKUP(_xlfn.CONCAT($J$3,"_",B7,"_",$I$2,"_",Parámetros!$C$6),DATA_KPI!$A:$H,6,FALSE),0) -> 12959948 | K7: =IFERROR(+(J7/I7)-1,0) -> -0.0092752798 | L7: =IFERROR(VLOOKUP(_xlfn.CONCAT($J$3,"_",B7,"_",$I$2,"_",Parámetros!$C$6),DATA_KPI_PRE!A:F,6,FALSE),0) -> 13030921 | M7: =IFERROR(+(J7/L7)-1,0) -> -0.0054464571 | O7: =IFERROR(VLOOKUP(_xlfn.CONCAT($O$3,"_",B7,"_",$O$2,"_",Parámetros!$C$6),DATA_KPI!$A:$H,6,FALSE),0) -> 2362613.2 | P7: =IFERROR(VLOOKUP(_xlfn.CONCAT($P$3,"_",B7,"_",$O$2,"_",Parámetros!$C$6),DATA_KPI!$A:$H,6,FALSE),0) -> 2616986.6 | Q7: =IFERROR(+(P7/O7)-1,0) -> 0.1076661 | R7: =IFERROR(VLOOKUP(_xlfn.CONCAT($P$3,"_",B7,"_",$O$2,"_",Parámetros!$C$6),DATA_KPI_PRE!A:F,6,FALSE),0) -> 2318118.4 | S7: =IFERROR(+(P7/R7)-1,0) -> 0.12892705 | U7: =IFERROR(VLOOKUP(_xlfn.CONCAT($U$3,"_",B7,"_",$U$2,"_",Parámetros!$C$6),DATA_KPI!$A:$H,6,FALSE),0) -> 513531.23 | V7: =IFERROR(VLOOKUP(_xlfn.CONCAT($V$3,"_",B7,"_",$U$2,"_",Parámetros!$C$6),DATA_KPI!$A:$H,6,FALSE),0) -> 340772.56 | W7: =IFERROR(+(V7/U7)-1,0) -> -0.33641317 | X7: =IFERROR(VLOOKUP(_xlfn.CONCAT($V$3,"_",B7,"_",$U$2,"_",Parámetros!$C$6),DATA_KPI_PRE!A:F,6,FALSE),0) -> 619333.61 | Y7: =IFERROR(+(V7/X7)-1,0) -> -0.44977545 | AA7: =IFERROR(VLOOKUP(_xlfn.CONCAT($AA$3,"_",B7,"_",$AA$2,"_",Parámetros!$C$6),DATA_KPI!$A:$H,6,FALSE),0) -> 0 | AB7: =IFERROR(VLOOKUP(_xlfn.CONCAT($AB$3,"_",B7,"_",$AA$2,"_",Parámetros!$C$6),DATA_KPI!$A:$H,6,FALSE),0) -> 0 | AC7: =IFERROR(+(AB7/AA7)-1,0) -> 0 | AD7: =IFERROR(VLOOKUP(_xlfn.CONCAT($AB$3,"_",B7,"_",$AA$2,"_",Parámetros!$C$6),DATA_KPI_PRE!A:F,6,FALSE),0) -> 0 | AE7: =IFERROR(+(AB7/AD7)-1,0) -> 0 | AG7: =IFERROR(VLOOKUP(_xlfn.CONCAT($AG$3,"_",B7,"_",$AG$2,"_",Parámetros!$C$6),DATA_KPI!$A:$H,6,FALSE),0) -> 0 | AH7: =IFERROR(VLOOKUP(_xlfn.CONCAT($AH$3,"_",B7,"_",$AG$2,"_",Parámetros!$C$6),DATA_KPI!$A:$H,6,FALSE),0) -> 0 | AI7: =IFERROR(+(AH7/AG7)-1,0) -> 0 | AJ7: =IFERROR(VLOOKUP(_xlfn.CONCAT($AH$3,"_",B7,"_",$AG$2,"_",Parámetros!$C$6),DATA_KPI_PRE!A:F,6,FALSE),0) -> 0 | AK7: =IFERROR(+(AH7/AJ7)-1,0) -> 0 | AM7: =IFERROR(VLOOKUP(_xlfn.CONCAT($AM$3,"_",B7,"_",$AM$2,"_",Parámetros!$C$6),DATA_KPI!$A:$H,6,FALSE),0) -> 0 | AN7: =IFERROR(VLOOKUP(_xlfn.CONCAT($AN$3,"_",B7,"_",$AM$2,"_",Parámetros!$C$6),DATA_KPI!$A:$H,6,FALSE),0) -> 0 | AO7: =IFERROR(+AN7/AM7,0) -> 0 | AP7: =IFERROR(VLOOKUP(_xlfn.CONCAT($AN$3,"_",B7,"_",$AM$2,"_",Parámetros!$C$6),DATA_KPI_PRE!A:F,6,FALSE),0) -> 0 | AQ7: =IFERROR(+(AN7/AP7)-1,0) -> 0 | AS7: =+AM7+AG7 -> 0 | AT7: =+AN7+AH7 -> 0 | AU7: =IFERROR(+AT7/AS7,0) -> 0 | AV7: =+AP7+AJ7 -> 0 | AW7: =IFERROR(+(AT7/AV7)-1,0) -> 0
A8: Coronado | B8: =IF(IFERROR(VLOOKUP(A8,DATA_KPI!$D:$H,5,FALSE),"")="",VLOOKUP(A8,DATA_KPI_PRE!$D:$H,5,FALSE),VLOOKUP(A8,DATA_KPI!$D:$H,5,FALSE)) -> S71 | C8: =IFERROR(VLOOKUP(_xlfn.CONCAT($C$3,"_",B8,"_",$C$2,"_",Parámetros!$C$6),DATA_KPI!$A:$H,6,FALSE),0) -> 16267031 | D8: =IFERROR(VLOOKUP(_xlfn.CONCAT($D$3,"_",B8,"_",$C$2,"_",Parámetros!$C$6),DATA_KPI!A:H,6,FALSE),0) -> 15370828 | E8: =IFERROR(+(D8/C8)-1,0) -> -0.055093207 | F8: =IFERROR(VLOOKUP(_xlfn.CONCAT($D$3,"_",B8,"_",$C$2,"_",Parámetros!$C$6),DATA_KPI_PRE!$A:$F,6,FALSE),0) -> 15966897 | G8: =IFERROR(+(D8/F8)-1,0) -> -0.037331549 | I8: =IFERROR(VLOOKUP(_xlfn.CONCAT($I$3,"_",B8,"_",$I$2,"_",Parámetros!$C$6),DATA_KPI!$A:$H,6,FALSE),0) -> 6372211.1 | J8: =IFERROR(VLOOKUP(_xlfn.CONCAT($J$3,"_",B8,"_",$I$2,"_",Parámetros!$C$6),DATA_KPI!$A:$H,6,FALSE),0) -> 6920079 | K8: =IFERROR(+(J8/I8)-1,0) -> 0.085977679 | L8: =IFERROR(VLOOKUP(_xlfn.CONCAT($J$3,"_",B8,"_",$I$2,"_",Parámetros!$C$6),DATA_KPI_PRE!A:F,6,FALSE),0) -> 5809254.5 | M8: =IFERROR(+(J8/L8)-1,0) -> 0.19121636 | O8: =IFERROR(VLOOKUP(_xlfn.CONCAT($O$3,"_",B8,"_",$O$2,"_",Parámetros!$C$6),DATA_KPI!$A:$H,6,FALSE),0) -> 7529012.1 | P8: =IFERROR(VLOOKUP(_xlfn.CONCAT($P$3,"_",B8,"_",$O$2,"_",Parámetros!$C$6),DATA_KPI!$A:$H,6,FALSE),0) -> 6993822.8 | Q8: =IFERROR(+(P8/O8)-1,0) -> -0.071083611 | R8: =IFERROR(VLOOKUP(_xlfn.CONCAT($P$3,"_",B8,"_",$O$2,"_",Parámetros!$C$6),DATA_KPI_PRE!A:F,6,FALSE),0) -> 7138051.6 | S8: =IFERROR(+(P8/R8)-1,0) -> -0.020205631 | U8: =IFERROR(VLOOKUP(_xlfn.CONCAT($U$3,"_",B8,"_",$U$2,"_",Parámetros!$C$6),DATA_KPI!$A:$H,6,FALSE),0) -> 2090064 | V8: =IFERROR(VLOOKUP(_xlfn.CONCAT($V$3,"_",B8,"_",$U$2,"_",Parámetros!$C$6),DATA_KPI!$A:$H,6,FALSE),0) -> 1176104.4 | W8: =IFERROR(+(V8/U8)-1,0) -> -0.43728787 | X8: =IFERROR(VLOOKUP(_xlfn.CONCAT($V$3,"_",B8,"_",$U$2,"_",Parámetros!$C$6),DATA_KPI_PRE!A:F,6,FALSE),0) -> 2146748.5 | Y8: =IFERROR(+(V8/X8)-1,0) -> -0.45214618 | AA8: =IFERROR(VLOOKUP(_xlfn.CONCAT($AA$3,"_",B8,"_",$AA$2,"_",Parámetros!$C$6),DATA_KPI!$A:$H,6,FALSE),0) -> 0 | AB8: =IFERROR(VLOOKUP(_xlfn.CONCAT($AB$3,"_",B8,"_",$AA$2,"_",Parámetros!$C$6),DATA_KPI!$A:$H,6,FALSE),0) -> 0 | AC8: =IFERROR(+(AB8/AA8)-1,0) -> 0 | AD8: =IFERROR(VLOOKUP(_xlfn.CONCAT($AB$3,"_",B8,"_",$AA$2,"_",Parámetros!$C$6),DATA_KPI_PRE!A:F,6,FALSE),0) -> 0 | AE8: =IFERROR(+(AB8/AD8)-1,0) -> 0 | AG8: =IFERROR(VLOOKUP(_xlfn.CONCAT($AG$3,"_",B8,"_",$AG$2,"_",Parámetros!$C$6),DATA_KPI!$A:$H,6,FALSE),0) -> 275743.47 | AH8: =IFERROR(VLOOKUP(_xlfn.CONCAT($AH$3,"_",B8,"_",$AG$2,"_",Parámetros!$C$6),DATA_KPI!$A:$H,6,FALSE),0) -> 80646.02 | AI8: =IFERROR(+(AH8/AG8)-1,0) -> -0.70753244 | AJ8: =IFERROR(VLOOKUP(_xlfn.CONCAT($AH$3,"_",B8,"_",$AG$2,"_",Parámetros!$C$6),DATA_KPI_PRE!A:F,6,FALSE),0) -> 868656.18 | AK8: =IFERROR(+(AH8/AJ8)-1,0) -> -0.90716002 | AM8: =IFERROR(VLOOKUP(_xlfn.CONCAT($AM$3,"_",B8,"_",$AM$2,"_",Parámetros!$C$6),DATA_KPI!$A:$H,6,FALSE),0) -> 0 | AN8: =IFERROR(VLOOKUP(_xlfn.CONCAT($AN$3,"_",B8,"_",$AM$2,"_",Parámetros!$C$6),DATA_KPI!$A:$H,6,FALSE),0) -> 200175.67 | AO8: =IFERROR(+AN8/AM8,0) -> 0 | AP8: =IFERROR(VLOOKUP(_xlfn.CONCAT($AN$3,"_",B8,"_",$AM$2,"_",Parámetros!$C$6),DATA_KPI_PRE!A:F,6,FALSE),0) -> 4186.0315 | AQ8: =IFERROR(+(AN8/AP8)-1,0) -> 46.819914 | AS8: =+AM8+AG8 -> 275743.47 | AT8: =+AN8+AH8 -> 280821.69 | AU8: =IFERROR(+AT8/AS8,0) -> 1.0184165 | AV8: =+AP8+AJ8 -> 872842.21 | AW8: =IFERROR(+(AT8/AV8)-1,0) -> -0.67826752
A9: Guadalupe | B9: =IF(IFERROR(VLOOKUP(A9,DATA_KPI!$D:$H,5,FALSE),"")="",VLOOKUP(A9,DATA_KPI_PRE!$D:$H,5,FALSE),VLOOKUP(A9,DATA_KPI!$D:$H,5,FALSE)) -> S01 | C9: =IFERROR(VLOOKUP(_xlfn.CONCAT($C$3,"_",B9,"_",$C$2,"_",Parámetros!$C$6),DATA_KPI!$A:$H,6,FALSE),0) -> 12117822 | D9: =IFERROR(VLOOKUP(_xlfn.CONCAT($D$3,"_",B9,"_",$C$2,"_",Parámetros!$C$6),DATA_KPI!A:H,6,FALSE),0) -> 11568047 | E9: =IFERROR(+(D9/C9)-1,0) -> -0.045369166 | F9: =IFERROR(VLOOKUP(_xlfn.CONCAT($D$3,"_",B9,"_",$C$2,"_",Parámetros!$C$6),DATA_KPI_PRE!$A:$F,6,FALSE),0) -> 13694109 | G9: =IFERROR(+(D9/F9)-1,0) -> -0.1552538 | I9: =IFERROR(VLOOKUP(_xlfn.CONCAT($I$3,"_",B9,"_",$I$2,"_",Parámetros!$C$6),DATA_KPI!$A:$H,6,FALSE),0) -> 5642972.6 | J9: =IFERROR(VLOOKUP(_xlfn.CONCAT($J$3,"_",B9,"_",$I$2,"_",Parámetros!$C$6),DATA_KPI!$A:$H,6,FALSE),0) -> 6133559.1 | K9: =IFERROR(+(J9/I9)-1,0) -> 0.08693761 | L9: =IFERROR(VLOOKUP(_xlfn.CONCAT($J$3,"_",B9,"_",$I$2,"_",Parámetros!$C$6),DATA_KPI_PRE!A:F,6,FALSE),0) -> 5894147.9 | M9: =IFERROR(+(J9/L9)-1,0) -> 0.040618454 | O9: =IFERROR(VLOOKUP(_xlfn.CONCAT($O$3,"_",B9,"_",$O$2,"_",Parámetros!$C$6),DATA_KPI!$A:$H,6,FALSE),0) -> 3967119.2 | P9: =IFERROR(VLOOKUP(_xlfn.CONCAT($P$3,"_",B9,"_",$O$2,"_",Parámetros!$C$6),DATA_KPI!$A:$H,6,FALSE),0) -> 3512606.6 | Q9: =IFERROR(+(P9/O9)-1,0) -> -0.11456992 | R9: =IFERROR(VLOOKUP(_xlfn.CONCAT($P$3,"_",B9,"_",$O$2,"_",Parámetros!$C$6),DATA_KPI_PRE!A:F,6,FALSE),0) -> 4699120.7 | S9: =IFERROR(+(P9/R9)-1,0) -> -0.25249704 | U9: =IFERROR(VLOOKUP(_xlfn.CONCAT($U$3,"_",B9,"_",$U$2,"_",Parámetros!$C$6),DATA_KPI!$A:$H,6,FALSE),0) -> 875267.69 | V9: =IFERROR(VLOOKUP(_xlfn.CONCAT($V$3,"_",B9,"_",$U$2,"_",Parámetros!$C$6),DATA_KPI!$A:$H,6,FALSE),0) -> 567968.84 | W9: =IFERROR(+(V9/U9)-1,0) -> -0.35109128 | X9: =IFERROR(VLOOKUP(_xlfn.CONCAT($V$3,"_",B9,"_",$U$2,"_",Parámetros!$C$6),DATA_KPI_PRE!A:F,6,FALSE),0) -> 865488.09 | Y9: =IFERROR(+(V9/X9)-1,0) -> -0.34375892 | AA9: =IFERROR(VLOOKUP(_xlfn.CONCAT($AA$3,"_",B9,"_",$AA$2,"_",Parámetros!$C$6),DATA_KPI!$A:$H,6,FALSE),0) -> 688973.85 | AB9: =IFERROR(VLOOKUP(_xlfn.CONCAT($AB$3,"_",B9,"_",$AA$2,"_",Parámetros!$C$6),DATA_KPI!$A:$H,6,FALSE),0) -> 690329.44 | AC9: =IFERROR(+(AB9/AA9)-1,0) -> 0.0019675493 | AD9: =IFERROR(VLOOKUP(_xlfn.CONCAT($AB$3,"_",B9,"_",$AA$2,"_",Parámetros!$C$6),DATA_KPI_PRE!A:F,6,FALSE),0) -> 774140.85 | AE9: =IFERROR(+(AB9/AD9)-1,0) -> -0.10826378 | AG9: =IFERROR(VLOOKUP(_xlfn.CONCAT($AG$3,"_",B9,"_",$AG$2,"_",Parámetros!$C$6),DATA_KPI!$A:$H,6,FALSE),0) -> 880011.86 | AH9: =IFERROR(VLOOKUP(_xlfn.CONCAT($AH$3,"_",B9,"_",$AG$2,"_",Parámetros!$C$6),DATA_KPI!$A:$H,6,FALSE),0) -> 606507.33 | AI9: =IFERROR(+(AH9/AG9)-1,0) -> -0.31079641 | AJ9: =IFERROR(VLOOKUP(_xlfn.CONCAT($AH$3,"_",B9,"_",$AG$2,"_",Parámetros!$C$6),DATA_KPI_PRE!A:F,6,FALSE),0) -> 1332466.5 | AK9: =IFERROR(+(AH9/AJ9)-1,0) -> -0.54482357 | AM9: =IFERROR(VLOOKUP(_xlfn.CONCAT($AM$3,"_",B9,"_",$AM$2,"_",Parámetros!$C$6),DATA_KPI!$A:$H,6,FALSE),0) -> 63476.94 | AN9: =IFERROR(VLOOKUP(_xlfn.CONCAT($AN$3,"_",B9,"_",$AM$2,"_",Parámetros!$C$6),DATA_KPI!$A:$H,6,FALSE),0) -> 57075.23 | AO9: =IFERROR(+AN9/AM9,0) -> 0.89914905 | AP9: =IFERROR(VLOOKUP(_xlfn.CONCAT($AN$3,"_",B9,"_",$AM$2,"_",Parámetros!$C$6),DATA_KPI_PRE!A:F,6,FALSE),0) -> 128745.02 | AQ9: =IFERROR(+(AN9/AP9)-1,0) -> -0.55668008 | AS9: =+AM9+AG9 -> 943488.8 | AT9: =+AN9+AH9 -> 663582.56 | AU9: =IFERROR(+AT9/AS9,0) -> 0.7033285 | AV9: =+AP9+AJ9 -> 1461211.5 | AW9: =IFERROR(+(AT9/AV9)-1,0) -> -0.54586823
A10: San José Norte | C10: =+C9+C8+C7+C6 -> 67543138 | D10: =+D9+D8+D7+D6 -> 65361948 | E10: =IFERROR(+(D10/C10)-1,0) -> -0.032293287 | F10: =+F9+F8+F7+F6 -> 68510826 | G10: =IFERROR(+(D10/F10)-1,0) -> -0.045961759 | I10: =+I9+I8+I7+I6 -> 40686495 | J10: =+J9+J8+J7+J6 -> 41107366 | K10: =IFERROR(+(J10/I10)-1,0) -> 0.010344264 | L10: =+L9+L8+L7+L6 -> 40051133 | M10: =IFERROR(+(J10/L10)-1,0) -> 0.026372113 | O10: =+O9+O8+O7+O6 -> 17988160 | P10: =+P9+P8+P7+P6 -> 17790256 | Q10: =IFERROR(+(P10/O10)-1,0) -> -0.011001923 | R10: =+R9+R8+R7+R6 -> 18144990 | S10: =IFERROR(+(P10/R10)-1,0) -> -0.019549993 | U10: =+U9+U8+U7+U6 -> 6093805 | V10: =+V9+V8+V7+V6 -> 4255567.9 | W10: =IFERROR(+(V10/U10)-1,0) -> -0.30165669 | X10: =+X9+X8+X7+X6 -> 5728213.4 | Y10: =IFERROR(+(V10/X10)-1,0) -> -0.25708636 | AA10: =+AA9+AA8+AA7+AA6 -> 688973.85 | AB10: =+AB9+AB8+AB7+AB6 -> 690329.44 | AC10: =IFERROR(+(AB10/AA10)-1,0) -> 0.0019675493 | AD10: =+AD9+AD8+AD7+AD6 -> 774140.85 | AE10: =IFERROR(+(AB10/AD10)-1,0) -> -0.10826378 | AG10: =+AG9+AG8+AG7+AG6 -> 2017280.5 | AH10: =+AH9+AH8+AH7+AH6 -> 1239947.4 | AI10: =IFERROR(+(AH10/AG10)-1,0) -> -0.38533713 | AJ10: =+AJ9+AJ8+AJ7+AJ6 -> 3670185.4 | AK10: =IFERROR(+(AH10/AJ10)-1,0) -> -0.66215674 | AM10: =+AM9+AM8+AM7+AM6 -> 68423.85 | AN10: =+AN9+AN8+AN7+AN6 -> 278480.99 | AO10: =IFERROR(+(AN10/AM10)-1,0) -> 3.0699404 | AP10: =+AP9+AP8+AP7+AP6 -> 142162.75 | AQ10: =IFERROR(+(AN10/AP10)-1,0) -> 0.95888863 | AS10: =+AS9+AS8+AS7+AS6 -> 2085704.3 | AT10: =+AT9+AT8+AT7+AT6 -> 1518428.4 | AU10: =IFERROR(+(AT10/AS10)-1,0) -> -0.27198291 | AV10: =+AV9+AV8+AV7+AV6 -> 3812348.1 | AW10: =IFERROR(+(AT10/AV10)-1,0) -> -0.60170784
A12: Multiplaza del Este | B12: =IF(IFERROR(VLOOKUP(A12,DATA_KPI!$D:$H,5,FALSE),"")="",VLOOKUP(A12,DATA_KPI_PRE!$D:$H,5,FALSE),VLOOKUP(A12,DATA_KPI!$D:$H,5,FALSE)) -> S31 | C12: =IFERROR(VLOOKUP(_xlfn.CONCAT($C$3,"_",B12,"_",$C$2,"_",Parámetros!$C$6),DATA_KPI!$A:$H,6,FALSE),0) -> 26637318 | D12: =IFERROR(VLOOKUP(_xlfn.CONCAT($D$3,"_",B12,"_",$C$2,"_",Parámetros!$C$6),DATA_KPI!A:H,6,FALSE),0) -> 22481850 | E12: =IFERROR(+(D12/C12)-1,0) -> -0.15600174 | F12: =IFERROR(VLOOKUP(_xlfn.CONCAT($D$3,"_",B12,"_",$C$2,"_",Parámetros!$C$6),DATA_KPI_PRE!$A:$F,6,FALSE),0) -> 25133112 | G12: =IFERROR(+(D12/F12)-1,0) -> -0.10548879 | I12: =IFERROR(VLOOKUP(_xlfn.CONCAT($I$3,"_",B12,"_",$I$2,"_",Parámetros!$C$6),DATA_KPI!$A:$H,6,FALSE),0) -> 24086027 | J12: =IFERROR(VLOOKUP(_xlfn.CONCAT($J$3,"_",B12,"_",$I$2,"_",Parámetros!$C$6),DATA_KPI!$A:$H,6,FALSE),0) -> 20186948 | K12: =IFERROR(+(J12/I12)-1,0) -> -0.16188136 | L12: =IFERROR(VLOOKUP(_xlfn.CONCAT($J$3,"_",B12,"_",$I$2,"_",Parámetros!$C$6),DATA_KPI_PRE!A:F,6,FALSE),0) -> 22056560 | M12: =IFERROR(+(J12/L12)-1,0) -> -0.084764414 | O12: =IFERROR(VLOOKUP(_xlfn.CONCAT($O$3,"_",B12,"_",$O$2,"_",Parámetros!$C$6),DATA_KPI!$A:$H,6,FALSE),0) -> 1550674.8 | P12: =IFERROR(VLOOKUP(_xlfn.CONCAT($P$3,"_",B12,"_",$O$2,"_",Parámetros!$C$6),DATA_KPI!$A:$H,6,FALSE),0) -> 1691240.3 | Q12: =IFERROR(+(P12/O12)-1,0) -> 0.090647968 | R12: =IFERROR(VLOOKUP(_xlfn.CONCAT($P$3,"_",B12,"_",$O$2,"_",Parámetros!$C$6),DATA_KPI_PRE!A:F,6,FALSE),0) -> 1865628.8 | S12: =IFERROR(+(P12/R12)-1,0) -> -0.093474342 | U12: =IFERROR(VLOOKUP(_xlfn.CONCAT($U$3,"_",B12,"_",$U$2,"_",Parámetros!$C$6),DATA_KPI!$A:$H,6,FALSE),0) -> 1000616.7 | V12: =IFERROR(VLOOKUP(_xlfn.CONCAT($V$3,"_",B12,"_",$U$2,"_",Parámetros!$C$6),DATA_KPI!$A:$H,6,FALSE),0) -> 603661.88 | W12: =IFERROR(+(V12/U12)-1,0) -> -0.39671019 | X12: =IFERROR(VLOOKUP(_xlfn.CONCAT($V$3,"_",B12,"_",$U$2,"_",Parámetros!$C$6),DATA_KPI_PRE!A:F,6,FALSE),0) -> 1210923.7 | Y12: =IFERROR(+(V12/X12)-1,0) -> -0.50148646 | AA12: =IFERROR(VLOOKUP(_xlfn.CONCAT($AA$3,"_",B12,"_",$AA$2,"_",Parámetros!$C$6),DATA_KPI!$A:$H,6,FALSE),0) -> 0 | AB12: =IFERROR(VLOOKUP(_xlfn.CONCAT($AB$3,"_",B12,"_",$AA$2,"_",Parámetros!$C$6),DATA_KPI!$A:$H,6,FALSE),0) -> 0 | AC12: =IFERROR(+(AB12/AA12)-1,0) -> 0 | AD12: =IFERROR(VLOOKUP(_xlfn.CONCAT($AB$3,"_",B12,"_",$AA$2,"_",Parámetros!$C$6),DATA_KPI_PRE!A:F,6,FALSE),0) -> 0 | AE12: =IFERROR(+(AB12/AD12)-1,0) -> 0 | AG12: =IFERROR(VLOOKUP(_xlfn.CONCAT($AG$3,"_",B12,"_",$AG$2,"_",Parámetros!$C$6),DATA_KPI!$A:$H,6,FALSE),0) -> 0 | AH12: =IFERROR(VLOOKUP(_xlfn.CONCAT($AH$3,"_",B12,"_",$AG$2,"_",Parámetros!$C$6),DATA_KPI!$A:$H,6,FALSE),0) -> 0 | AI12: =IFERROR(+(AH12/AG12)-1,0) -> 0 | AJ12: =IFERROR(VLOOKUP(_xlfn.CONCAT($AH$3,"_",B12,"_",$AG$2,"_",Parámetros!$C$6),DATA_KPI_PRE!A:F,6,FALSE),0) -> 0 | AK12: =IFERROR(+(AH12/AJ12)-1,0) -> 0 | AM12: =IFERROR(VLOOKUP(_xlfn.CONCAT($AM$3,"_",B12,"_",$AM$2,"_",Parámetros!$C$6),DATA_KPI!$A:$H,6,FALSE),0) -> 0 | AN12: =IFERROR(VLOOKUP(_xlfn.CONCAT($AN$3,"_",B12,"_",$AM$2,"_",Parámetros!$C$6),DATA_KPI!$A:$H,6,FALSE),0) -> 0 | AO12: =IFERROR(+AN12/AM12,0) -> 0 | AP12: =IFERROR(VLOOKUP(_xlfn.CONCAT($AN$3,"_",B12,"_",$AM$2,"_",Parámetros!$C$6),DATA_KPI_PRE!A:F,6,FALSE),0) -> 0 | AQ12: =IFERROR(+(AN12/AP12)-1,0) -> 0 | AS12: =+AM12+AG12 -> 0 | AT12: =+AN12+AH12 -> 0 | AU12: =IFERROR(+AT12/AS12,0) -> 0 | AV12: =+AP12+AJ12 -> 0 | AW12: =IFERROR(+(AT12/AV12)-1,0) -> 0
A13: Desamparados | B13: =IF(IFERROR(VLOOKUP(A13,DATA_KPI!$D:$H,5,FALSE),"")="",VLOOKUP(A13,DATA_KPI_PRE!$D:$H,5,FALSE),VLOOKUP(A13,DATA_KPI!$D:$H,5,FALSE)) -> S04 | C13: =IFERROR(VLOOKUP(_xlfn.CONCAT($C$3,"_",B13,"_",$C$2,"_",Parámetros!$C$6),DATA_KPI!$A:$H,6,FALSE),0) -> 21489239 | D13: =IFERROR(VLOOKUP(_xlfn.CONCAT($D$3,"_",B13,"_",$C$2,"_",Parámetros!$C$6),DATA_KPI!A:H,6,FALSE),0) -> 19396479 | E13: =IFERROR(+(D13/C13)-1,0) -> -0.097386435 | F13: =IFERROR(VLOOKUP(_xlfn.CONCAT($D$3,"_",B13,"_",$C$2,"_",Parámetros!$C$6),DATA_KPI_PRE!$A:$F,6,FALSE),0) -> 21440108 | G13: =IFERROR(+(D13/F13)-1,0) -> -0.095318062 | I13: =IFERROR(VLOOKUP(_xlfn.CONCAT($I$3,"_",B13,"_",$I$2,"_",Parámetros!$C$6),DATA_KPI!$A:$H,6,FALSE),0) -> 9393659.5 | J13: =IFERROR(VLOOKUP(_xlfn.CONCAT($J$3,"_",B13,"_",$I$2,"_",Parámetros!$C$6),DATA_KPI!$A:$H,6,FALSE),0) -> 9927208.6 | K13: =IFERROR(+(J13/I13)-1,0) -> 0.056798854 | L13: =IFERROR(VLOOKUP(_xlfn.CONCAT($J$3,"_",B13,"_",$I$2,"_",Parámetros!$C$6),DATA_KPI_PRE!A:F,6,FALSE),0) -> 8858545.5 | M13: =IFERROR(+(J13/L13)-1,0) -> 0.12063641 | O13: =IFERROR(VLOOKUP(_xlfn.CONCAT($O$3,"_",B13,"_",$O$2,"_",Parámetros!$C$6),DATA_KPI!$A:$H,6,FALSE),0) -> 8841522.8 | P13: =IFERROR(VLOOKUP(_xlfn.CONCAT($P$3,"_",B13,"_",$O$2,"_",Parámetros!$C$6),DATA_KPI!$A:$H,6,FALSE),0) -> 7673751.6 | Q13: =IFERROR(+(P13/O13)-1,0) -> -0.13207806 | R13: =IFERROR(VLOOKUP(_xlfn.CONCAT($P$3,"_",B13,"_",$O$2,"_",Parámetros!$C$6),DATA_KPI_PRE!A:F,6,FALSE),0) -> 9074387.4 | S13: =IFERROR(+(P13/R13)-1,0) -> -0.15435045 | U13: =IFERROR(VLOOKUP(_xlfn.CONCAT($U$3,"_",B13,"_",$U$2,"_",Parámetros!$C$6),DATA_KPI!$A:$H,6,FALSE),0) -> 2394926.5 | V13: =IFERROR(VLOOKUP(_xlfn.CONCAT($V$3,"_",B13,"_",$U$2,"_",Parámetros!$C$6),DATA_KPI!$A:$H,6,FALSE),0) -> 1199912.4 | W13: =IFERROR(+(V13/U13)-1,0) -> -0.49897738 | X13: =IFERROR(VLOOKUP(_xlfn.CONCAT($V$3,"_",B13,"_",$U$2,"_",Parámetros!$C$6),DATA_KPI_PRE!A:F,6,FALSE),0) -> 2338615.8 | Y13: =IFERROR(+(V13/X13)-1,0) -> -0.48691342 | AA13: =IFERROR(VLOOKUP(_xlfn.CONCAT($AA$3,"_",B13,"_",$AA$2,"_",Parámetros!$C$6),DATA_KPI!$A:$H,6,FALSE),0) -> 0 | AB13: =IFERROR(VLOOKUP(_xlfn.CONCAT($AB$3,"_",B13,"_",$AA$2,"_",Parámetros!$C$6),DATA_KPI!$A:$H,6,FALSE),0) -> 0 | AC13: =IFERROR(+(AB13/AA13)-1,0) -> 0 | AD13: =IFERROR(VLOOKUP(_xlfn.CONCAT($AB$3,"_",B13,"_",$AA$2,"_",Parámetros!$C$6),DATA_KPI_PRE!A:F,6,FALSE),0) -> 0 | AE13: =IFERROR(+(AB13/AD13)-1,0) -> 0 | AG13: =IFERROR(VLOOKUP(_xlfn.CONCAT($AG$3,"_",B13,"_",$AG$2,"_",Parámetros!$C$6),DATA_KPI!$A:$H,6,FALSE),0) -> 765351.67 | AH13: =IFERROR(VLOOKUP(_xlfn.CONCAT($AH$3,"_",B13,"_",$AG$2,"_",Parámetros!$C$6),DATA_KPI!$A:$H,6,FALSE),0) -> 459366.47 | AI13: =IFERROR(+(AH13/AG13)-1,0) -> -0.39979687 | AJ13: =IFERROR(VLOOKUP(_xlfn.CONCAT($AH$3,"_",B13,"_",$AG$2,"_",Parámetros!$C$6),DATA_KPI_PRE!A:F,6,FALSE),0) -> 1034549.5 | AK13: =IFERROR(+(AH13/AJ13)-1,0) -> -0.55597441 | AM13: =IFERROR(VLOOKUP(_xlfn.CONCAT($AM$3,"_",B13,"_",$AM$2,"_",Parámetros!$C$6),DATA_KPI!$A:$H,6,FALSE),0) -> 93778.75 | AN13: =IFERROR(VLOOKUP(_xlfn.CONCAT($AN$3,"_",B13,"_",$AM$2,"_",Parámetros!$C$6),DATA_KPI!$A:$H,6,FALSE),0) -> 136239.82 | AO13: =IFERROR(+AN13/AM13,0) -> 1.4527792 | AP13: =IFERROR(VLOOKUP(_xlfn.CONCAT($AN$3,"_",B13,"_",$AM$2,"_",Parámetros!$C$6),DATA_KPI_PRE!A:F,6,FALSE),0) -> 134010.3 | AQ13: =IFERROR(+(AN13/AP13)-1,0) -> 0.016636938 | AS13: =+AM13+AG13 -> 859130.42 | AT13: =+AN13+AH13 -> 595606.29 | AU13: =IFERROR(+AT13/AS13,0) -> 0.69326644 | AV13: =+AP13+AJ13 -> 1168559.8 | AW13: =IFERROR(+(AT13/AV13)-1,0) -> -0.49030741
A14: San José | B14: =IF(IFERROR(VLOOKUP(A14,DATA_KPI!$D:$H,5,FALSE),"")="",VLOOKUP(A14,DATA_KPI_PRE!$D:$H,5,FALSE),VLOOKUP(A14,DATA_KPI!$D:$H,5,FALSE)) -> S10 | C14: =IFERROR(VLOOKUP(_xlfn.CONCAT($C$3,"_",B14,"_",$C$2,"_",Parámetros!$C$6),DATA_KPI!$A:$H,6,FALSE),0) -> 10271153 | D14: =IFERROR(VLOOKUP(_xlfn.CONCAT($D$3,"_",B14,"_",$C$2,"_",Parámetros!$C$6),DATA_KPI!A:H,6,FALSE),0) -> 11624834 | E14: =IFERROR(+(D14/C14)-1,0) -> 0.13179447 | F14: =IFERROR(VLOOKUP(_xlfn.CONCAT($D$3,"_",B14,"_",$C$2,"_",Parámetros!$C$6),DATA_KPI_PRE!$A:$F,6,FALSE),0) -> 13330190 | G14: =IFERROR(+(D14/F14)-1,0) -> -0.12793188 | I14: =IFERROR(VLOOKUP(_xlfn.CONCAT($I$3,"_",B14,"_",$I$2,"_",Parámetros!$C$6),DATA_KPI!$A:$H,6,FALSE),0) -> 7379897.3 | J14: =IFERROR(VLOOKUP(_xlfn.CONCAT($J$3,"_",B14,"_",$I$2,"_",Parámetros!$C$6),DATA_KPI!$A:$H,6,FALSE),0) -> 8423304 | K14: =IFERROR(+(J14/I14)-1,0) -> 0.14138499 | L14: =IFERROR(VLOOKUP(_xlfn.CONCAT($J$3,"_",B14,"_",$I$2,"_",Parámetros!$C$6),DATA_KPI_PRE!A:F,6,FALSE),0) -> 9624031.4 | M14: =IFERROR(+(J14/L14)-1,0) -> -0.12476345 | O14: =IFERROR(VLOOKUP(_xlfn.CONCAT($O$3,"_",B14,"_",$O$2,"_",Parámetros!$C$6),DATA_KPI!$A:$H,6,FALSE),0) -> 2618176.8 | P14: =IFERROR(VLOOKUP(_xlfn.CONCAT($P$3,"_",B14,"_",$O$2,"_",Parámetros!$C$6),DATA_KPI!$A:$H,6,FALSE),0) -> 3146879 | Q14: =IFERROR(+(P14/O14)-1,0) -> 0.20193526 | R14: =IFERROR(VLOOKUP(_xlfn.CONCAT($P$3,"_",B14,"_",$O$2,"_",Parámetros!$C$6),DATA_KPI_PRE!A:F,6,FALSE),0) -> 3294428.9 | S14: =IFERROR(+(P14/R14)-1,0) -> -0.044787698 | U14: =IFERROR(VLOOKUP(_xlfn.CONCAT($U$3,"_",B14,"_",$U$2,"_",Parámetros!$C$6),DATA_KPI!$A:$H,6,FALSE),0) -> 273078.78 | V14: =IFERROR(VLOOKUP(_xlfn.CONCAT($V$3,"_",B14,"_",$U$2,"_",Parámetros!$C$6),DATA_KPI!$A:$H,6,FALSE),0) -> 54651.03 | W14: =IFERROR(+(V14/U14)-1,0) -> -0.79987083 | X14: =IFERROR(VLOOKUP(_xlfn.CONCAT($V$3,"_",B14,"_",$U$2,"_",Parámetros!$C$6),DATA_KPI_PRE!A:F,6,FALSE),0) -> 411730.15 | Y14: =IFERROR(+(V14/X14)-1,0) -> -0.86726493 | AA14: =IFERROR(VLOOKUP(_xlfn.CONCAT($AA$3,"_",B14,"_",$AA$2,"_",Parámetros!$C$6),DATA_KPI!$A:$H,6,FALSE),0) -> 0 | AB14: =IFERROR(VLOOKUP(_xlfn.CONCAT($AB$3,"_",B14,"_",$AA$2,"_",Parámetros!$C$6),DATA_KPI!$A:$H,6,FALSE),0) -> 0 | AC14: =IFERROR(+(AB14/AA14)-1,0) -> 0 | AD14: =IFERROR(VLOOKUP(_xlfn.CONCAT($AB$3,"_",B14,"_",$AA$2,"_",Parámetros!$C$6),DATA_KPI_PRE!A:F,6,FALSE),0) -> 0 | AE14: =IFERROR(+(AB14/AD14)-1,0) -> 0 | AG14: =IFERROR(VLOOKUP(_xlfn.CONCAT($AG$3,"_",B14,"_",$AG$2,"_",Parámetros!$C$6),DATA_KPI!$A:$H,6,FALSE),0) -> 0 | AH14: =IFERROR(VLOOKUP(_xlfn.CONCAT($AH$3,"_",B14,"_",$AG$2,"_",Parámetros!$C$6),DATA_KPI!$A:$H,6,FALSE),0) -> 0 | AI14: =IFERROR(+(AH14/AG14)-1,0) -> 0 | AJ14: =IFERROR(VLOOKUP(_xlfn.CONCAT($AH$3,"_",B14,"_",$AG$2,"_",Parámetros!$C$6),DATA_KPI_PRE!A:F,6,FALSE),0) -> 0 | AK14: =IFERROR(+(AH14/AJ14)-1,0) -> 0 | AM14: =IFERROR(VLOOKUP(_xlfn.CONCAT($AM$3,"_",B14,"_",$AM$2,"_",Parámetros!$C$6),DATA_KPI!$A:$H,6,FALSE),0) -> 0 | AN14: =IFERROR(VLOOKUP(_xlfn.CONCAT($AN$3,"_",B14,"_",$AM$2,"_",Parámetros!$C$6),DATA_KPI!$A:$H,6,FALSE),0) -> 0 | AO14: =IFERROR(+AN14/AM14,0) -> 0 | AP14: =IFERROR(VLOOKUP(_xlfn.CONCAT($AN$3,"_",B14,"_",$AM$2,"_",Parámetros!$C$6),DATA_KPI_PRE!A:F,6,FALSE),0) -> 0 | AQ14: =IFERROR(+(AN14/AP14)-1,0) -> 0 | AS14: =+AM14+AG14 -> 0 | AT14: =+AN14+AH14 -> 0 | AU14: =IFERROR(+AT14/AS14,0) -> 0 | AV14: =+AP14+AJ14 -> 0 | AW14: =IFERROR(+(AT14/AV14)-1,0) -> 0
A15: San José Centro y Sur | C15: =+C14+C13+C12 -> 58397711 | D15: =+D14+D13+D12 -> 53503163 | E15: =IFERROR(+(D15/C15)-1,0) -> -0.083814027 | F15: =+F14+F13+F12 -> 59903411 | G15: =IFERROR(+(D15/F15)-1,0) -> -0.10684279 | I15: =+I14+I13+I12 -> 40859584 | J15: =+J14+J13+J12 -> 38537461 | K15: =IFERROR(+(J15/I15)-1,0) -> -0.056831782 | L15: =+L14+L13+L12 -> 40539136 | M15: =IFERROR(+(J15/L15)-1,0) -> -0.049376375 | O15: =+O14+O13+O12 -> 13010374 | P15: =+P14+P13+P12 -> 12511871 | Q15: =IFERROR(+(P15/O15)-1,0) -> -0.038315843 | R15: =+R14+R13+R12 -> 14234445 | S15: =IFERROR(+(P15/R15)-1,0) -> -0.12101449 | U15: =+U14+U13+U12 -> 3668622.1 | V15: =+V14+V13+V12 -> 1858225.3 | W15: =IFERROR(+(V15/U15)-1,0) -> -0.49348141 | X15: =+X14+X13+X12 -> 3961269.7 | Y15: =IFERROR(+(V15/X15)-1,0) -> -0.53090159 | AA15: =+AA14+AA13+AA12 -> 0 | AB15: =+AB14+AB13+AB12 -> 0 | AC15: =IFERROR(+(AB15/AA15)-1,0) -> 0 | AD15: =+AD14+AD13+AD12 -> 0 | AE15: =IFERROR(+(AB15/AD15)-1,0) -> 0 | AG15: =+AG14+AG13+AG12 -> 765351.67 | AH15: =+AH14+AH13+AH12 -> 459366.47 | AI15: =IFERROR(+(AH15/AG15)-1,0) -> -0.39979687 | AJ15: =+AJ14+AJ13+AJ12 -> 1034549.5 | AK15: =IFERROR(+(AH15/AJ15)-1,0) -> -0.55597441 | AM15: =+AM14+AM13+AM12 -> 93778.75 | AN15: =+AN14+AN13+AN12 -> 136239.82 | AO15: =IFERROR(+(AN15/AM15)-1,0) -> 0.45277923 | AP15: =+AP14+AP13+AP12 -> 134010.3 | AQ15: =IFERROR(+(AN15/AP15)-1,0) -> 0.016636938 | AS15: =+AS14+AS13+AS12 -> 859130.42 | AT15: =+AT14+AT13+AT12 -> 595606.29 | AU15: =IFERROR(+(AT15/AS15)-1,0) -> -0.30673356 | AV15: =+AV14+AV13+AV12 -> 1168559.8 | AW15: =IFERROR(+(AT15/AV15)-1,0) -> -0.49030741
A17: Oxígeno | B17: =IF(IFERROR(VLOOKUP(A17,DATA_KPI!$D:$H,5,FALSE),"")="",VLOOKUP(A17,DATA_KPI_PRE!$D:$H,5,FALSE),VLOOKUP(A17,DATA_KPI!$D:$H,5,FALSE)) -> S72 | C17: =IFERROR(VLOOKUP(_xlfn.CONCAT($C$3,"_",B17,"_",$C$2,"_",Parámetros!$C$6),DATA_KPI!$A:$H,6,FALSE),0) -> 19719493 | D17: =IFERROR(VLOOKUP(_xlfn.CONCAT($D$3,"_",B17,"_",$C$2,"_",Parámetros!$C$6),DATA_KPI!A:H,6,FALSE),0) -> 18100322 | E17: =IFERROR(+(D17/C17)-1,0) -> -0.082110169 | F17: =IFERROR(VLOOKUP(_xlfn.CONCAT($D$3,"_",B17,"_",$C$2,"_",Parámetros!$C$6),DATA_KPI_PRE!$A:$F,6,FALSE),0) -> 18223654 | G17: =IFERROR(+(D17/F17)-1,0) -> -0.0067677013 | I17: =IFERROR(VLOOKUP(_xlfn.CONCAT($I$3,"_",B17,"_",$I$2,"_",Parámetros!$C$6),DATA_KPI!$A:$H,6,FALSE),0) -> 16710695 | J17: =IFERROR(VLOOKUP(_xlfn.CONCAT($J$3,"_",B17,"_",$I$2,"_",Parámetros!$C$6),DATA_KPI!$A:$H,6,FALSE),0) -> 14499037 | K17: =IFERROR(+(J17/I17)-1,0) -> -0.13234987 | L17: =IFERROR(VLOOKUP(_xlfn.CONCAT($J$3,"_",B17,"_",$I$2,"_",Parámetros!$C$6),DATA_KPI_PRE!A:F,6,FALSE),0) -> 15115996 | M17: =IFERROR(+(J17/L17)-1,0) -> -0.040814975 | O17: =IFERROR(VLOOKUP(_xlfn.CONCAT($O$3,"_",B17,"_",$O$2,"_",Parámetros!$C$6),DATA_KPI!$A:$H,6,FALSE),0) -> 2226017.4 | P17: =IFERROR(VLOOKUP(_xlfn.CONCAT($P$3,"_",B17,"_",$O$2,"_",Parámetros!$C$6),DATA_KPI!$A:$H,6,FALSE),0) -> 2535450.5 | Q17: =IFERROR(+(P17/O17)-1,0) -> 0.13900752 | R17: =IFERROR(VLOOKUP(_xlfn.CONCAT($P$3,"_",B17,"_",$O$2,"_",Parámetros!$C$6),DATA_KPI_PRE!A:F,6,FALSE),0) -> 2102922.4 | S17: =IFERROR(+(P17/R17)-1,0) -> 0.20567957 | U17: =IFERROR(VLOOKUP(_xlfn.CONCAT($U$3,"_",B17,"_",$U$2,"_",Parámetros!$C$6),DATA_KPI!$A:$H,6,FALSE),0) -> 782780.5 | V17: =IFERROR(VLOOKUP(_xlfn.CONCAT($V$3,"_",B17,"_",$U$2,"_",Parámetros!$C$6),DATA_KPI!$A:$H,6,FALSE),0) -> 1065834.8 | W17: =IFERROR(+(V17/U17)-1,0) -> 0.36160105 | X17: =IFERROR(VLOOKUP(_xlfn.CONCAT($V$3,"_",B17,"_",$U$2,"_",Parámetros!$C$6),DATA_KPI_PRE!A:F,6,FALSE),0) -> 1004736.2 | Y17: =IFERROR(+(V17/X17)-1,0) -> 0.060810541 | AA17: =IFERROR(VLOOKUP(_xlfn.CONCAT($AA$3,"_",B17,"_",$AA$2,"_",Parámetros!$C$6),DATA_KPI!$A:$H,6,FALSE),0) -> 0 | AB17: =IFERROR(VLOOKUP(_xlfn.CONCAT($AB$3,"_",B17,"_",$AA$2,"_",Parámetros!$C$6),DATA_KPI!$A:$H,6,FALSE),0) -> 0 | AC17: =IFERROR(+(AB17/AA17)-1,0) -> 0 | AD17: =IFERROR(VLOOKUP(_xlfn.CONCAT($AB$3,"_",B17,"_",$AA$2,"_",Parámetros!$C$6),DATA_KPI_PRE!A:F,6,FALSE),0) -> 0 | AE17: =IFERROR(+(AB17/AD17)-1,0) -> 0 | AG17: =IFERROR(VLOOKUP(_xlfn.CONCAT($AG$3,"_",B17,"_",$AG$2,"_",Parámetros!$C$6),DATA_KPI!$A:$H,6,FALSE),0) -> 0 | AH17: =IFERROR(VLOOKUP(_xlfn.CONCAT($AH$3,"_",B17,"_",$AG$2,"_",Parámetros!$C$6),DATA_KPI!$A:$H,6,FALSE),0) -> 0 | AI17: =IFERROR(+(AH17/AG17)-1,0) -> 0 | AJ17: =IFERROR(VLOOKUP(_xlfn.CONCAT($AH$3,"_",B17,"_",$AG$2,"_",Parámetros!$C$6),DATA_KPI_PRE!A:F,6,FALSE),0) -> 0 | AK17: =IFERROR(+(AH17/AJ17)-1,0) -> 0 | AM17: =IFERROR(VLOOKUP(_xlfn.CONCAT($AM$3,"_",B17,"_",$AM$2,"_",Parámetros!$C$6),DATA_KPI!$A:$H,6,FALSE),0) -> 0 | AN17: =IFERROR(VLOOKUP(_xlfn.CONCAT($AN$3,"_",B17,"_",$AM$2,"_",Parámetros!$C$6),DATA_KPI!$A:$H,6,FALSE),0) -> 0 | AO17: =IFERROR(+AN17/AM17,0) -> 0 | AP17: =IFERROR(VLOOKUP(_xlfn.CONCAT($AN$3,"_",B17,"_",$AM$2,"_",Parámetros!$C$6),DATA_KPI_PRE!A:F,6,FALSE),0) -> 0 | AQ17: =IFERROR(+(AN17/AP17)-1,0) -> 0 | AS17: =+AM17+AG17 -> 0 | AT17: =+AN17+AH17 -> 0 | AU17: =IFERROR(+AT17/AS17,0) -> 0 | AV17: =+AP17+AJ17 -> 0 | AW17: =IFERROR(+(AT17/AV17)-1,0) -> 0
A18: Heredia | B18: =IF(IFERROR(VLOOKUP(A18,DATA_KPI!$D:$H,5,FALSE),"")="",VLOOKUP(A18,DATA_KPI_PRE!$D:$H,5,FALSE),VLOOKUP(A18,DATA_KPI!$D:$H,5,FALSE)) -> S13 | C18: =IFERROR(VLOOKUP(_xlfn.CONCAT($C$3,"_",B18,"_",$C$2,"_",Parámetros!$C$6),DATA_KPI!$A:$H,6,FALSE),0) -> 14434485 | D18: =IFERROR(VLOOKUP(_xlfn.CONCAT($D$3,"_",B18,"_",$C$2,"_",Parámetros!$C$6),DATA_KPI!A:H,6,FALSE),0) -> 13567277 | E18: =IFERROR(+(D18/C18)-1,0) -> -0.060078883 | F18: =IFERROR(VLOOKUP(_xlfn.CONCAT($D$3,"_",B18,"_",$C$2,"_",Parámetros!$C$6),DATA_KPI_PRE!$A:$F,6,FALSE),0) -> 14445055 | G18: =IFERROR(+(D18/F18)-1,0) -> -0.060766701 | I18: =IFERROR(VLOOKUP(_xlfn.CONCAT($I$3,"_",B18,"_",$I$2,"_",Parámetros!$C$6),DATA_KPI!$A:$H,6,FALSE),0) -> 6589035 | J18: =IFERROR(VLOOKUP(_xlfn.CONCAT($J$3,"_",B18,"_",$I$2,"_",Parámetros!$C$6),DATA_KPI!$A:$H,6,FALSE),0) -> 5309996.9 | K18: =IFERROR(+(J18/I18)-1,0) -> -0.19411615 | L18: =IFERROR(VLOOKUP(_xlfn.CONCAT($J$3,"_",B18,"_",$I$2,"_",Parámetros!$C$6),DATA_KPI_PRE!A:F,6,FALSE),0) -> 6674564.2 | M18: =IFERROR(+(J18/L18)-1,0) -> -0.2044429 | O18: =IFERROR(VLOOKUP(_xlfn.CONCAT($O$3,"_",B18,"_",$O$2,"_",Parámetros!$C$6),DATA_KPI!$A:$H,6,FALSE),0) -> 6272369.1 | P18: =IFERROR(VLOOKUP(_xlfn.CONCAT($P$3,"_",B18,"_",$O$2,"_",Parámetros!$C$6),DATA_KPI!$A:$H,6,FALSE),0) -> 5944630.8 | Q18: =IFERROR(+(P18/O18)-1,0) -> -0.052251118 | R18: =IFERROR(VLOOKUP(_xlfn.CONCAT($P$3,"_",B18,"_",$O$2,"_",Parámetros!$C$6),DATA_KPI_PRE!A:F,6,FALSE),0) -> 6238807.7 | S18: =IFERROR(+(P18/R18)-1,0) -> -0.047152742 | U18: =IFERROR(VLOOKUP(_xlfn.CONCAT($U$3,"_",B18,"_",$U$2,"_",Parámetros!$C$6),DATA_KPI!$A:$H,6,FALSE),0) -> 770192.54 | V18: =IFERROR(VLOOKUP(_xlfn.CONCAT($V$3,"_",B18,"_",$U$2,"_",Parámetros!$C$6),DATA_KPI!$A:$H,6,FALSE),0) -> 1202525.4 | W18: =IFERROR(+(V18/U18)-1,0) -> 0.56133091 | X18: =IFERROR(VLOOKUP(_xlfn.CONCAT($V$3,"_",B18,"_",$U$2,"_",Parámetros!$C$6),DATA_KPI_PRE!A:F,6,FALSE),0) -> 570090.33 | Y18: =IFERROR(+(V18/X18)-1,0) -> 1.1093594 | AA18: =IFERROR(VLOOKUP(_xlfn.CONCAT($AA$3,"_",B18,"_",$AA$2,"_",Parámetros!$C$6),DATA_KPI!$A:$H,6,FALSE),0) -> 156716.84 | AB18: =IFERROR(VLOOKUP(_xlfn.CONCAT($AB$3,"_",B18,"_",$AA$2,"_",Parámetros!$C$6),DATA_KPI!$A:$H,6,FALSE),0) -> 698858.71 | AC18: =IFERROR(+(AB18/AA18)-1,0) -> 3.4593721 | AD18: =IFERROR(VLOOKUP(_xlfn.CONCAT($AB$3,"_",B18,"_",$AA$2,"_",Parámetros!$C$6),DATA_KPI_PRE!A:F,6,FALSE),0) -> 340125.19 | AE18: =IFERROR(+(AB18/AD18)-1,0) -> 1.0547102 | AG18: =IFERROR(VLOOKUP(_xlfn.CONCAT($AG$3,"_",B18,"_",$AG$2,"_",Parámetros!$C$6),DATA_KPI!$A:$H,6,FALSE),0) -> 628834.94 | AH18: =IFERROR(VLOOKUP(_xlfn.CONCAT($AH$3,"_",B18,"_",$AG$2,"_",Parámetros!$C$6),DATA_KPI!$A:$H,6,FALSE),0) -> 319495.66 | AI18: =IFERROR(+(AH18/AG18)-1,0) -> -0.49192445 | AJ18: =IFERROR(VLOOKUP(_xlfn.CONCAT($AH$3,"_",B18,"_",$AG$2,"_",Parámetros!$C$6),DATA_KPI_PRE!A:F,6,FALSE),0) -> 602978.82 | AK18: =IFERROR(+(AH18/AJ18)-1,0) -> -0.47013784 | AM18: =IFERROR(VLOOKUP(_xlfn.CONCAT($AM$3,"_",B18,"_",$AM$2,"_",Parámetros!$C$6),DATA_KPI!$A:$H,6,FALSE),0) -> 17336.28 | AN18: =IFERROR(VLOOKUP(_xlfn.CONCAT($AN$3,"_",B18,"_",$AM$2,"_",Parámetros!$C$6),DATA_KPI!$A:$H,6,FALSE),0) -> 91769.47 | AO18: =IFERROR(+AN18/AM18,0) -> 5.2934926 | AP18: =IFERROR(VLOOKUP(_xlfn.CONCAT($AN$3,"_",B18,"_",$AM$2,"_",Parámetros!$C$6),DATA_KPI_PRE!A:F,6,FALSE),0) -> 18489.1 | AQ18: =IFERROR(+(AN18/AP18)-1,0) -> 3.9634363 | AS18: =+AM18+AG18 -> 646171.22 | AT18: =+AN18+AH18 -> 411265.13 | AU18: =IFERROR(+AT18/AS18,0) -> 0.63646464 | AV18: =+AP18+AJ18 -> 621467.92 | AW18: =IFERROR(+(AT18/AV18)-1,0) -> -0.33823595
